h,h_p,lambda,gamma,run_index,active_set,majority
0.5,0.5,0.0,0.1,0,1174.806,935.405
0.5,0.5,0.0,0.1,1,1176.829,944.7
0.5,0.5,0.0,0.1,2,1197.619,945.908
0.5,0.5,0.0,0.1,3,1207.499,956.581
0.5,0.5,0.0,0.1,4,1173.007,934.017
0.5,0.5,0.0,0.1,5,1228.186,969.022
0.5,0.5,0.0,0.1,6,1214.403,976.417
0.5,0.5,0.0,0.1,7,1217.192,971.941
0.5,0.5,0.0,0.1,8,1162.683,922.829
0.5,0.5,0.0,0.1,9,1183.184,948.325
0.5,0.5,0.0,0.2,0,1174.228,935.467
0.5,0.5,0.0,0.2,1,1176.159,945.079
0.5,0.5,0.0,0.2,2,1197.617,945.436
0.5,0.5,0.0,0.2,3,1207.993,957.566
0.5,0.5,0.0,0.2,4,1174.424,936.736
0.5,0.5,0.0,0.2,5,1230.061,974.46
0.5,0.5,0.0,0.2,6,1213.248,974.431
0.5,0.5,0.0,0.2,7,1218.549,971.841
0.5,0.5,0.0,0.2,8,1163.752,925.149
0.5,0.5,0.0,0.2,9,1184.461,949.446
0.5,0.5,0.0,0.3,0,1175.521,936.497
0.5,0.5,0.0,0.3,1,1175.169,943.05
0.5,0.5,0.0,0.3,2,1196.326,946.253
0.5,0.5,0.0,0.3,3,1207.088,954.322
0.5,0.5,0.0,0.3,4,1175.845,937.759
0.5,0.5,0.0,0.3,5,1229.629,970.586
0.5,0.5,0.0,0.3,6,1212.321,978.233
0.5,0.5,0.0,0.3,7,1216.579,969.944
0.5,0.5,0.0,0.3,8,1165.688,927.598
0.5,0.5,0.0,0.3,9,1185.141,952.236
0.5,0.5,0.0,0.4,0,1172.643,932.405
0.5,0.5,0.0,0.4,1,1174.327,943.026
0.5,0.5,0.0,0.4,2,1195.608,946.693
0.5,0.5,0.0,0.4,3,1206.839,956.004
0.5,0.5,0.0,0.4,4,1175.545,935.002
0.5,0.5,0.0,0.4,5,1230.595,975.464
0.5,0.5,0.0,0.4,6,1213.33,975.454
0.5,0.5,0.0,0.4,7,1219.069,975.296
0.5,0.5,0.0,0.4,8,1163.362,925.829
0.5,0.5,0.0,0.4,9,1185.785,950.39
0.5,0.5,0.0,0.5,0,1172.167,933.037
0.5,0.5,0.0,0.5,1,1178.34,945.516
0.5,0.5,0.0,0.5,2,1196.334,944.367
0.5,0.5,0.0,0.5,3,1207.12,956.253
0.5,0.5,0.0,0.5,4,1174.792,933.018
0.5,0.5,0.0,0.5,5,1228.835,969.946
0.5,0.5,0.0,0.5,6,1212.594,975.147
0.5,0.5,0.0,0.5,7,1218.308,971.689
0.5,0.5,0.0,0.5,8,1161.929,923.814
0.5,0.5,0.0,0.5,9,1184.407,952.629
0.5,0.5,0.0,0.6,0,1177.461,937.776
0.5,0.5,0.0,0.6,1,1173.567,942.04
0.5,0.5,0.0,0.6,2,1194.703,945.993
0.5,0.5,0.0,0.6,3,1207.323,955.562
0.5,0.5,0.0,0.6,4,1177.813,938.048
0.5,0.5,0.0,0.6,5,1228.647,970.591
0.5,0.5,0.0,0.6,6,1210.47,972.31
0.5,0.5,0.0,0.6,7,1218.733,969.708
0.5,0.5,0.0,0.6,8,1164.576,924.675
0.5,0.5,0.0,0.6,9,1185.718,949.865
0.5,0.5,0.0,0.7,0,1175.001,940.318
0.5,0.5,0.0,0.7,1,1174.405,942.535
0.5,0.5,0.0,0.7,2,1197.653,944.738
0.5,0.5,0.0,0.7,3,1206.724,953.195
0.5,0.5,0.0,0.7,4,1173.048,936.128
0.5,0.5,0.0,0.7,5,1229.112,971.722
0.5,0.5,0.0,0.7,6,1208.659,974.231
0.5,0.5,0.0,0.7,7,1218.209,972.62
0.5,0.5,0.0,0.7,8,1164.799,926.692
0.5,0.5,0.0,0.7,9,1185.408,952.286
0.5,0.5,0.0,0.8,0,1175.03,938.581
0.5,0.5,0.0,0.8,1,1176.424,945.838
0.5,0.5,0.0,0.8,2,1196.742,943.397
0.5,0.5,0.0,0.8,3,1205.819,953.99
0.5,0.5,0.0,0.8,4,1174.912,936.171
0.5,0.5,0.0,0.8,5,1228.682,974.564
0.5,0.5,0.0,0.8,6,1208.754,972.225
0.5,0.5,0.0,0.8,7,1217.555,970.152
0.5,0.5,0.0,0.8,8,1161.767,921.53
0.5,0.5,0.0,0.8,9,1186.724,953.821
0.5,0.5,0.0,0.9,0,1178.445,942.226
0.5,0.5,0.0,0.9,1,1175.231,945.337
0.5,0.5,0.0,0.9,2,1198.18,945.367
0.5,0.5,0.0,0.9,3,1205.763,953.281
0.5,0.5,0.0,0.9,4,1172.945,932.722
0.5,0.5,0.0,0.9,5,1232.992,975.638
0.5,0.5,0.0,0.9,6,1214.128,974.427
0.5,0.5,0.0,0.9,7,1218.135,971.574
0.5,0.5,0.0,0.9,8,1163.146,921.201
0.5,0.5,0.0,0.9,9,1185.635,952.665
0.5,0.5,0.2,0.1,0,1156.674,878.475
0.5,0.5,0.2,0.1,1,1159.358,890.829
0.5,0.5,0.2,0.1,2,1178.758,888.114
0.5,0.5,0.2,0.1,3,1190.558,899.26
0.5,0.5,0.2,0.1,4,1160.652,883.608
0.5,0.5,0.2,0.1,5,1209.929,914.332
0.5,0.5,0.2,0.1,6,1189.403,909.282
0.5,0.5,0.2,0.1,7,1199.771,918.13
0.5,0.5,0.2,0.1,8,1150.383,879.197
0.5,0.5,0.2,0.1,9,1170.017,897.941
0.5,0.5,0.2,0.2,0,1165.574,901.904
0.5,0.5,0.2,0.2,1,1168.056,910.613
0.5,0.5,0.2,0.2,2,1187.159,903.386
0.5,0.5,0.2,0.2,3,1197.071,916.148
0.5,0.5,0.2,0.2,4,1167.882,900.284
0.5,0.5,0.2,0.2,5,1220.529,933.752
0.5,0.5,0.2,0.2,6,1198.667,932.409
0.5,0.5,0.2,0.2,7,1210.069,937.202
0.5,0.5,0.2,0.2,8,1156.762,893.642
0.5,0.5,0.2,0.2,9,1180.426,920.208
0.5,0.5,0.2,0.3,0,1171.359,909.379
0.5,0.5,0.2,0.3,1,1169.117,914.002
0.5,0.5,0.2,0.3,2,1193.136,918.935
0.5,0.5,0.2,0.3,3,1198.719,922.104
0.5,0.5,0.2,0.3,4,1168.963,907.006
0.5,0.5,0.2,0.3,5,1224.151,946.528
0.5,0.5,0.2,0.3,6,1204.265,943.466
0.5,0.5,0.2,0.3,7,1211.668,945.148
0.5,0.5,0.2,0.3,8,1156.593,897.006
0.5,0.5,0.2,0.3,9,1178.07,920.393
0.5,0.5,0.2,0.4,0,1169.397,909.915
0.5,0.5,0.2,0.4,1,1171.401,920.693
0.5,0.5,0.2,0.4,2,1192.745,922.31
0.5,0.5,0.2,0.4,3,1206.545,941.469
0.5,0.5,0.2,0.4,4,1173.498,918.218
0.5,0.5,0.2,0.4,5,1226.326,953.05
0.5,0.5,0.2,0.4,6,1205.67,951.72
0.5,0.5,0.2,0.4,7,1215.211,954.752
0.5,0.5,0.2,0.4,8,1158.683,904.775
0.5,0.5,0.2,0.4,9,1184.169,932.922
0.5,0.5,0.2,0.5,0,1171.864,920.715
0.5,0.5,0.2,0.5,1,1174.669,929.805
0.5,0.5,0.2,0.5,2,1194.168,927.016
0.5,0.5,0.2,0.5,3,1203.593,943.375
0.5,0.5,0.2,0.5,4,1174.377,923.443
0.5,0.5,0.2,0.5,5,1228.636,960.902
0.5,0.5,0.2,0.5,6,1206.528,957.953
0.5,0.5,0.2,0.5,7,1216.941,960.971
0.5,0.5,0.2,0.5,8,1162.485,915.12
0.5,0.5,0.2,0.5,9,1182.493,936.774
0.5,0.5,0.2,0.6,0,1174.657,931.863
0.5,0.5,0.2,0.6,1,1176.22,932.779
0.5,0.5,0.2,0.6,2,1196.209,936.411
0.5,0.5,0.2,0.6,3,1202.957,947.782
0.5,0.5,0.2,0.6,4,1175.65,925.217
0.5,0.5,0.2,0.6,5,1225.661,958.437
0.5,0.5,0.2,0.6,6,1206.424,962.257
0.5,0.5,0.2,0.6,7,1217.408,965.688
0.5,0.5,0.2,0.6,8,1163.388,916.164
0.5,0.5,0.2,0.6,9,1182.919,940.24
0.5,0.5,0.2,0.7,0,1175.655,932.709
0.5,0.5,0.2,0.7,1,1174.436,939.365
0.5,0.5,0.2,0.7,2,1197.372,940.328
0.5,0.5,0.2,0.7,3,1208.053,955.937
0.5,0.5,0.2,0.7,4,1175.668,933.974
0.5,0.5,0.2,0.7,5,1228.793,967.344
0.5,0.5,0.2,0.7,6,1210.663,971.052
0.5,0.5,0.2,0.7,7,1217.007,969.275
0.5,0.5,0.2,0.7,8,1165.449,926.439
0.5,0.5,0.2,0.7,9,1187.28,946.57
0.5,0.5,0.2,0.8,0,1172.31,934.54
0.5,0.5,0.2,0.8,1,1176.202,944.579
0.5,0.5,0.2,0.8,2,1195.536,942.291
0.5,0.5,0.2,0.8,3,1206.924,957.27
0.5,0.5,0.2,0.8,4,1173.572,936.645
0.5,0.5,0.2,0.8,5,1230.018,973.843
0.5,0.5,0.2,0.8,6,1210.577,972.941
0.5,0.5,0.2,0.8,7,1218.384,975.211
0.5,0.5,0.2,0.8,8,1164.799,929.095
0.5,0.5,0.2,0.8,9,1186.296,950.414
0.5,0.5,0.2,0.9,0,1175.815,942.443
0.5,0.5,0.2,0.9,1,1175.015,948.602
0.5,0.5,0.2,0.9,2,1197.456,951.703
0.5,0.5,0.2,0.9,3,1204.547,958.172
0.5,0.5,0.2,0.9,4,1174.253,941.247
0.5,0.5,0.2,0.9,5,1225.796,978.686
0.5,0.5,0.2,0.9,6,1210.531,974.772
0.5,0.5,0.2,0.9,7,1218.168,975.881
0.5,0.5,0.2,0.9,8,1164.572,929.001
0.5,0.5,0.2,0.9,9,1183.524,956.425
0.5,0.5,0.5,0.1,0,1107.101,795.603
0.5,0.5,0.5,0.1,1,1117.909,818.72
0.5,0.5,0.5,0.1,2,1145.689,824.622
0.5,0.5,0.5,0.1,3,1145.102,822.987
0.5,0.5,0.5,0.1,4,1108.323,797.297
0.5,0.5,0.5,0.1,5,1169.54,843.141
0.5,0.5,0.5,0.1,6,1141.941,826.608
0.5,0.5,0.5,0.1,7,1151.025,833.983
0.5,0.5,0.5,0.1,8,1104.744,800.641
0.5,0.5,0.5,0.1,9,1122.594,818.688
0.5,0.5,0.5,0.2,0,1140.432,848.707
0.5,0.5,0.5,0.2,1,1134.471,847.644
0.5,0.5,0.5,0.2,2,1162.001,853.386
0.5,0.5,0.5,0.2,3,1174.882,869.003
0.5,0.5,0.5,0.2,4,1137.787,843.681
0.5,0.5,0.5,0.2,5,1193.91,883.3
0.5,0.5,0.5,0.2,6,1165.529,865.101
0.5,0.5,0.5,0.2,7,1179.972,880.557
0.5,0.5,0.5,0.2,8,1128.915,838.242
0.5,0.5,0.5,0.2,9,1152.381,864.891
0.5,0.5,0.5,0.3,0,1153.8,873.666
0.5,0.5,0.5,0.3,1,1157.248,885.533
0.5,0.5,0.5,0.3,2,1173.794,877.636
0.5,0.5,0.5,0.3,3,1184.367,888.154
0.5,0.5,0.5,0.3,4,1155.648,875.134
0.5,0.5,0.5,0.3,5,1206.582,910.117
0.5,0.5,0.5,0.3,6,1185.01,898.46
0.5,0.5,0.5,0.3,7,1197.644,912.982
0.5,0.5,0.5,0.3,8,1147.021,873.005
0.5,0.5,0.5,0.3,9,1163.891,890.383
0.5,0.5,0.5,0.4,0,1166.894,896.874
0.5,0.5,0.5,0.4,1,1166.756,904.33
0.5,0.5,0.5,0.4,2,1185.742,900.824
0.5,0.5,0.5,0.4,3,1189.573,904.144
0.5,0.5,0.5,0.4,4,1164.824,896.0
0.5,0.5,0.5,0.4,5,1217.872,931.178
0.5,0.5,0.5,0.4,6,1189.652,915.969
0.5,0.5,0.5,0.4,7,1206.246,928.985
0.5,0.5,0.5,0.4,8,1153.882,887.897
0.5,0.5,0.5,0.4,9,1173.491,906.437
0.5,0.5,0.5,0.5,0,1171.313,909.322
0.5,0.5,0.5,0.5,1,1168.643,914.445
0.5,0.5,0.5,0.5,2,1189.912,914.75
0.5,0.5,0.5,0.5,3,1200.877,924.522
0.5,0.5,0.5,0.5,4,1168.973,907.343
0.5,0.5,0.5,0.5,5,1223.825,942.573
0.5,0.5,0.5,0.5,6,1204.066,943.974
0.5,0.5,0.5,0.5,7,1209.99,939.416
0.5,0.5,0.5,0.5,8,1156.682,898.937
0.5,0.5,0.5,0.5,9,1181.187,924.277
0.5,0.5,0.5,0.6,0,1172.364,917.246
0.5,0.5,0.5,0.6,1,1173.789,925.304
0.5,0.5,0.5,0.6,2,1194.383,931.41
0.5,0.5,0.5,0.6,3,1205.1,939.014
0.5,0.5,0.5,0.6,4,1172.364,917.791
0.5,0.5,0.5,0.6,5,1226.843,956.809
0.5,0.5,0.5,0.6,6,1204.265,951.865
0.5,0.5,0.5,0.6,7,1212.608,948.354
0.5,0.5,0.5,0.6,8,1160.107,906.885
0.5,0.5,0.5,0.6,9,1181.85,930.563
0.5,0.5,0.5,0.7,0,1175.247,927.924
0.5,0.5,0.5,0.7,1,1177.042,937.808
0.5,0.5,0.5,0.7,2,1196.552,940.278
0.5,0.5,0.5,0.7,3,1206.448,948.456
0.5,0.5,0.5,0.7,4,1173.5,928.088
0.5,0.5,0.5,0.7,5,1228.494,965.575
0.5,0.5,0.5,0.7,6,1207.638,964.735
0.5,0.5,0.5,0.7,7,1215.949,962.942
0.5,0.5,0.5,0.7,8,1163.45,919.89
0.5,0.5,0.5,0.7,9,1184.689,944.36
0.5,0.5,0.5,0.8,0,1174.001,932.8
0.5,0.5,0.5,0.8,1,1175.283,943.913
0.5,0.5,0.5,0.8,2,1197.809,946.889
0.5,0.5,0.5,0.8,3,1205.763,955.429
0.5,0.5,0.5,0.8,4,1176.004,934.338
0.5,0.5,0.5,0.8,5,1227.157,973.8
0.5,0.5,0.5,0.8,6,1210.035,974.287
0.5,0.5,0.5,0.8,7,1217.577,972.309
0.5,0.5,0.5,0.8,8,1165.121,930.269
0.5,0.5,0.5,0.8,9,1186.248,955.608
0.5,0.5,0.5,0.9,0,1172.527,942.823
0.5,0.5,0.5,0.9,1,1173.522,951.122
0.5,0.5,0.5,0.9,2,1195.938,957.742
0.5,0.5,0.5,0.9,3,1207.19,964.487
0.5,0.5,0.5,0.9,4,1173.868,944.768
0.5,0.5,0.5,0.9,5,1227.152,984.652
0.5,0.5,0.5,0.9,6,1207.605,978.029
0.5,0.5,0.5,0.9,7,1217.27,977.855
0.5,0.5,0.5,0.9,8,1162.291,932.927
0.5,0.5,0.5,0.9,9,1183.624,961.161
0.5,0.5,0.8,0.1,0,1072.519,746.9
0.5,0.5,0.8,0.1,1,1080.255,765.282
0.5,0.5,0.8,0.1,2,1117.56,784.984
0.5,0.5,0.8,0.1,3,1112.976,777.04
0.5,0.5,0.8,0.1,4,1076.792,752.977
0.5,0.5,0.8,0.1,5,1134.27,794.863
0.5,0.5,0.8,0.1,6,1097.556,764.056
0.5,0.5,0.8,0.1,7,1116.434,785.414
0.5,0.5,0.8,0.1,8,1063.422,741.796
0.5,0.5,0.8,0.1,9,1074.33,753.502
0.5,0.5,0.8,0.2,0,1112.633,804.072
0.5,0.5,0.8,0.2,1,1117.293,818.083
0.5,0.5,0.8,0.2,2,1145.848,826.713
0.5,0.5,0.8,0.2,3,1151.604,829.25
0.5,0.5,0.8,0.2,4,1114.208,807.397
0.5,0.5,0.8,0.2,5,1173.218,847.288
0.5,0.5,0.8,0.2,6,1144.429,831.576
0.5,0.5,0.8,0.2,7,1156.36,841.737
0.5,0.5,0.8,0.2,8,1106.165,800.914
0.5,0.5,0.8,0.2,9,1129.668,829.391
0.5,0.5,0.8,0.3,0,1139.081,847.212
0.5,0.5,0.8,0.3,1,1137.527,850.151
0.5,0.5,0.8,0.3,2,1161.132,850.211
0.5,0.5,0.8,0.3,3,1168.507,860.922
0.5,0.5,0.8,0.3,4,1138.233,846.478
0.5,0.5,0.8,0.3,5,1197.761,890.311
0.5,0.5,0.8,0.3,6,1169.121,870.288
0.5,0.5,0.8,0.3,7,1181.847,880.81
0.5,0.5,0.8,0.3,8,1125.535,833.984
0.5,0.5,0.8,0.3,9,1149.003,860.975
0.5,0.5,0.8,0.4,0,1154.852,874.064
0.5,0.5,0.8,0.4,1,1155.794,880.966
0.5,0.5,0.8,0.4,2,1175.978,878.899
0.5,0.5,0.8,0.4,3,1184.149,887.623
0.5,0.5,0.8,0.4,4,1156.841,879.13
0.5,0.5,0.8,0.4,5,1210.797,915.269
0.5,0.5,0.8,0.4,6,1186.179,902.621
0.5,0.5,0.8,0.4,7,1196.293,910.379
0.5,0.5,0.8,0.4,8,1144.578,869.058
0.5,0.5,0.8,0.4,9,1165.879,892.861
0.5,0.5,0.8,0.5,0,1160.095,892.643
0.5,0.5,0.8,0.5,1,1166.209,906.009
0.5,0.5,0.8,0.5,2,1186.53,901.64
0.5,0.5,0.8,0.5,3,1193.393,908.895
0.5,0.5,0.8,0.5,4,1162.604,894.703
0.5,0.5,0.8,0.5,5,1220.216,933.407
0.5,0.5,0.8,0.5,6,1198.722,928.34
0.5,0.5,0.8,0.5,7,1208.062,931.223
0.5,0.5,0.8,0.5,8,1153.891,890.604
0.5,0.5,0.8,0.5,9,1174.684,911.554
0.5,0.5,0.8,0.6,0,1167.705,907.65
0.5,0.5,0.8,0.6,1,1170.354,914.327
0.5,0.5,0.8,0.6,2,1194.227,924.43
0.5,0.5,0.8,0.6,3,1199.858,928.566
0.5,0.5,0.8,0.6,4,1169.087,907.565
0.5,0.5,0.8,0.6,5,1225.155,945.942
0.5,0.5,0.8,0.6,6,1205.478,945.932
0.5,0.5,0.8,0.6,7,1211.094,944.19
0.5,0.5,0.8,0.6,8,1157.386,899.877
0.5,0.5,0.8,0.6,9,1180.037,925.897
0.5,0.5,0.8,0.7,0,1173.209,923.419
0.5,0.5,0.8,0.7,1,1173.617,929.372
0.5,0.5,0.8,0.7,2,1199.135,940.819
0.5,0.5,0.8,0.7,3,1206.767,944.687
0.5,0.5,0.8,0.7,4,1174.229,924.983
0.5,0.5,0.8,0.7,5,1224.155,956.164
0.5,0.5,0.8,0.7,6,1210.402,964.399
0.5,0.5,0.8,0.7,7,1215.904,958.277
0.5,0.5,0.8,0.7,8,1164.113,916.969
0.5,0.5,0.8,0.7,9,1184.236,939.43
0.5,0.5,0.8,0.8,0,1172.827,933.624
0.5,0.5,0.8,0.8,1,1175.83,943.787
0.5,0.5,0.8,0.8,2,1194.975,944.092
0.5,0.5,0.8,0.8,3,1206.968,956.874
0.5,0.5,0.8,0.8,4,1174.341,935.292
0.5,0.5,0.8,0.8,5,1230.663,972.895
0.5,0.5,0.8,0.8,6,1210.511,972.554
0.5,0.5,0.8,0.8,7,1219.451,973.743
0.5,0.5,0.8,0.8,8,1164.17,925.495
0.5,0.5,0.8,0.8,9,1185.854,950.898
0.5,0.5,0.8,0.9,0,1172.008,949.059
0.5,0.5,0.8,0.9,1,1175.141,952.917
0.5,0.5,0.8,0.9,2,1194.298,958.173
0.5,0.5,0.8,0.9,3,1207.167,966.579
0.5,0.5,0.8,0.9,4,1170.909,945.309
0.5,0.5,0.8,0.9,5,1226.489,984.54
0.5,0.5,0.8,0.9,6,1212.356,984.093
0.5,0.5,0.8,0.9,7,1216.301,978.352
0.5,0.5,0.8,0.9,8,1161.236,933.743
0.5,0.5,0.8,0.9,9,1182.88,962.442
0.5,0.5,1.0,0.1,0,1066.241,736.946
0.5,0.5,1.0,0.1,1,1056.343,734.065
0.5,0.5,1.0,0.1,2,1095.813,758.037
0.5,0.5,1.0,0.1,3,1087.497,744.822
0.5,0.5,1.0,0.1,4,1056.025,724.927
0.5,0.5,1.0,0.1,5,1114.225,769.19
0.5,0.5,1.0,0.1,6,1073.019,732.569
0.5,0.5,1.0,0.1,7,1097.54,760.818
0.5,0.5,1.0,0.1,8,1050.998,723.797
0.5,0.5,1.0,0.1,9,1070.393,745.918
0.5,0.5,1.0,0.2,0,1102.992,787.562
0.5,0.5,1.0,0.2,1,1111.749,809.33
0.5,0.5,1.0,0.2,2,1139.786,816.65
0.5,0.5,1.0,0.2,3,1135.468,808.227
0.5,0.5,1.0,0.2,4,1102.895,787.569
0.5,0.5,1.0,0.2,5,1160.649,831.838
0.5,0.5,1.0,0.2,6,1128.392,807.69
0.5,0.5,1.0,0.2,7,1144.322,823.287
0.5,0.5,1.0,0.2,8,1096.669,786.575
0.5,0.5,1.0,0.2,9,1115.515,809.028
0.5,0.5,1.0,0.3,0,1128.496,829.951
0.5,0.5,1.0,0.3,1,1128.926,835.896
0.5,0.5,1.0,0.3,2,1154.573,840.805
0.5,0.5,1.0,0.3,3,1166.474,856.409
0.5,0.5,1.0,0.3,4,1128.605,829.511
0.5,0.5,1.0,0.3,5,1187.742,871.159
0.5,0.5,1.0,0.3,6,1156.839,852.06
0.5,0.5,1.0,0.3,7,1173.95,867.6
0.5,0.5,1.0,0.3,8,1121.733,827.36
0.5,0.5,1.0,0.3,9,1140.27,847.987
0.5,0.5,1.0,0.4,0,1153.555,871.037
0.5,0.5,1.0,0.4,1,1153.639,876.98
0.5,0.5,1.0,0.4,2,1171.951,870.25
0.5,0.5,1.0,0.4,3,1182.312,880.656
0.5,0.5,1.0,0.4,4,1152.346,869.01
0.5,0.5,1.0,0.4,5,1203.593,900.251
0.5,0.5,1.0,0.4,6,1174.065,881.506
0.5,0.5,1.0,0.4,7,1194.978,905.098
0.5,0.5,1.0,0.4,8,1139.48,858.146
0.5,0.5,1.0,0.4,9,1161.368,882.91
0.5,0.5,1.0,0.5,0,1158.776,886.465
0.5,0.5,1.0,0.5,1,1166.845,903.987
0.5,0.5,1.0,0.5,2,1184.662,895.672
0.5,0.5,1.0,0.5,3,1191.911,905.661
0.5,0.5,1.0,0.5,4,1162.157,891.796
0.5,0.5,1.0,0.5,5,1215.297,924.303
0.5,0.5,1.0,0.5,6,1194.122,918.752
0.5,0.5,1.0,0.5,7,1208.316,931.322
0.5,0.5,1.0,0.5,8,1151.232,882.787
0.5,0.5,1.0,0.5,9,1170.438,900.187
0.5,0.5,1.0,0.6,0,1168.229,905.955
0.5,0.5,1.0,0.6,1,1166.485,909.772
0.5,0.5,1.0,0.6,2,1193.537,920.178
0.5,0.5,1.0,0.6,3,1199.497,922.645
0.5,0.5,1.0,0.6,4,1169.151,908.891
0.5,0.5,1.0,0.6,5,1224.486,947.203
0.5,0.5,1.0,0.6,6,1204.155,941.131
0.5,0.5,1.0,0.6,7,1212.434,944.005
0.5,0.5,1.0,0.6,8,1160.02,900.949
0.5,0.5,1.0,0.6,9,1179.48,922.827
0.5,0.5,1.0,0.7,0,1171.199,921.561
0.5,0.5,1.0,0.7,1,1169.922,925.686
0.5,0.5,1.0,0.7,2,1195.079,931.789
0.5,0.5,1.0,0.7,3,1203.759,944.534
0.5,0.5,1.0,0.7,4,1171.717,918.202
0.5,0.5,1.0,0.7,5,1227.555,959.477
0.5,0.5,1.0,0.7,6,1206.892,955.95
0.5,0.5,1.0,0.7,7,1217.661,962.791
0.5,0.5,1.0,0.7,8,1163.658,915.476
0.5,0.5,1.0,0.7,9,1182.706,937.458
0.5,0.5,1.0,0.8,0,1172.052,933.261
0.5,0.5,1.0,0.8,1,1173.809,941.655
0.5,0.5,1.0,0.8,2,1197.325,946.837
0.5,0.5,1.0,0.8,3,1208.278,956.561
0.5,0.5,1.0,0.8,4,1173.885,935.903
0.5,0.5,1.0,0.8,5,1231.11,974.603
0.5,0.5,1.0,0.8,6,1209.433,971.782
0.5,0.5,1.0,0.8,7,1216.506,972.456
0.5,0.5,1.0,0.8,8,1163.119,925.528
0.5,0.5,1.0,0.8,9,1186.837,951.652
0.5,0.5,1.0,0.9,0,1172.493,947.647
0.5,0.5,1.0,0.9,1,1172.815,950.723
0.5,0.5,1.0,0.9,2,1196.938,959.292
0.5,0.5,1.0,0.9,3,1202.559,965.626
0.5,0.5,1.0,0.9,4,1171.205,945.415
0.5,0.5,1.0,0.9,5,1227.091,985.254
0.5,0.5,1.0,0.9,6,1209.696,980.972
0.5,0.5,1.0,0.9,7,1217.967,982.256
0.5,0.5,1.0,0.9,8,1163.362,935.531
0.5,0.5,1.0,0.9,9,1184.865,963.242
0.5,0.8,0.0,0.1,0,1219.048,1121.371
0.5,0.8,0.0,0.1,1,1230.567,1140.467
0.5,0.8,0.0,0.1,2,1247.163,1145.973
0.5,0.8,0.0,0.1,3,1253.92,1144.172
0.5,0.8,0.0,0.1,4,1217.338,1119.501
0.5,0.8,0.0,0.1,5,1287.851,1173.971
0.5,0.8,0.0,0.1,6,1290.545,1195.238
0.5,0.8,0.0,0.1,7,1279.646,1173.224
0.5,0.8,0.0,0.1,8,1218.758,1125.023
0.5,0.8,0.0,0.1,9,1240.163,1153.837
0.5,0.8,0.0,0.2,0,1219.539,1123.637
0.5,0.8,0.0,0.2,1,1233.772,1141.295
0.5,0.8,0.0,0.2,2,1246.078,1147.758
0.5,0.8,0.0,0.2,3,1255.376,1145.465
0.5,0.8,0.0,0.2,4,1223.307,1126.225
0.5,0.8,0.0,0.2,5,1291.986,1179.333
0.5,0.8,0.0,0.2,6,1292.498,1196.031
0.5,0.8,0.0,0.2,7,1278.763,1174.065
0.5,0.8,0.0,0.2,8,1220.159,1126.555
0.5,0.8,0.0,0.2,9,1240.765,1154.826
0.5,0.8,0.0,0.3,0,1219.578,1121.592
0.5,0.8,0.0,0.3,1,1231.457,1140.513
0.5,0.8,0.0,0.3,2,1244.066,1144.511
0.5,0.8,0.0,0.3,3,1255.164,1143.874
0.5,0.8,0.0,0.3,4,1218.501,1120.767
0.5,0.8,0.0,0.3,5,1284.567,1171.994
0.5,0.8,0.0,0.3,6,1292.327,1201.168
0.5,0.8,0.0,0.3,7,1280.901,1175.832
0.5,0.8,0.0,0.3,8,1218.546,1123.341
0.5,0.8,0.0,0.3,9,1236.79,1151.038
0.5,0.8,0.0,0.4,0,1216.326,1118.789
0.5,0.8,0.0,0.4,1,1231.948,1137.804
0.5,0.8,0.0,0.4,2,1247.633,1149.628
0.5,0.8,0.0,0.4,3,1253.878,1144.514
0.5,0.8,0.0,0.4,4,1220.556,1122.182
0.5,0.8,0.0,0.4,5,1285.851,1173.89
0.5,0.8,0.0,0.4,6,1292.559,1193.237
0.5,0.8,0.0,0.4,7,1279.612,1172.931
0.5,0.8,0.0,0.4,8,1217.408,1122.535
0.5,0.8,0.0,0.4,9,1239.007,1150.329
0.5,0.8,0.0,0.5,0,1216.731,1118.872
0.5,0.8,0.0,0.5,1,1232.214,1139.811
0.5,0.8,0.0,0.5,2,1244.911,1143.331
0.5,0.8,0.0,0.5,3,1253.3,1142.347
0.5,0.8,0.0,0.5,4,1218.112,1120.449
0.5,0.8,0.0,0.5,5,1287.997,1174.102
0.5,0.8,0.0,0.5,6,1291.109,1192.112
0.5,0.8,0.0,0.5,7,1280.895,1176.257
0.5,0.8,0.0,0.5,8,1214.902,1122.211
0.5,0.8,0.0,0.5,9,1239.631,1153.188
0.5,0.8,0.0,0.6,0,1216.128,1118.557
0.5,0.8,0.0,0.6,1,1230.181,1135.88
0.5,0.8,0.0,0.6,2,1243.443,1142.312
0.5,0.8,0.0,0.6,3,1252.524,1140.952
0.5,0.8,0.0,0.6,4,1220.977,1123.18
0.5,0.8,0.0,0.6,5,1289.229,1177.272
0.5,0.8,0.0,0.6,6,1290.151,1195.09
0.5,0.8,0.0,0.6,7,1278.502,1171.405
0.5,0.8,0.0,0.6,8,1216.351,1122.501
0.5,0.8,0.0,0.6,9,1239.506,1151.733
0.5,0.8,0.0,0.7,0,1219.017,1122.757
0.5,0.8,0.0,0.7,1,1232.685,1140.205
0.5,0.8,0.0,0.7,2,1245.382,1144.079
0.5,0.8,0.0,0.7,3,1253.048,1145.995
0.5,0.8,0.0,0.7,4,1219.33,1121.899
0.5,0.8,0.0,0.7,5,1288.349,1175.831
0.5,0.8,0.0,0.7,6,1291.692,1198.469
0.5,0.8,0.0,0.7,7,1278.396,1175.35
0.5,0.8,0.0,0.7,8,1217.035,1120.525
0.5,0.8,0.0,0.7,9,1239.498,1153.98
0.5,0.8,0.0,0.8,0,1220.716,1124.348
0.5,0.8,0.0,0.8,1,1234.074,1142.011
0.5,0.8,0.0,0.8,2,1246.677,1147.644
0.5,0.8,0.0,0.8,3,1255.604,1145.924
0.5,0.8,0.0,0.8,4,1218.807,1121.234
0.5,0.8,0.0,0.8,5,1286.366,1174.072
0.5,0.8,0.0,0.8,6,1293.693,1195.967
0.5,0.8,0.0,0.8,7,1278.266,1171.851
0.5,0.8,0.0,0.8,8,1218.406,1124.78
0.5,0.8,0.0,0.8,9,1240.022,1154.076
0.5,0.8,0.0,0.9,0,1217.512,1120.257
0.5,0.8,0.0,0.9,1,1231.711,1140.004
0.5,0.8,0.0,0.9,2,1246.878,1149.111
0.5,0.8,0.0,0.9,3,1252.377,1142.353
0.5,0.8,0.0,0.9,4,1217.345,1121.819
0.5,0.8,0.0,0.9,5,1288.021,1176.475
0.5,0.8,0.0,0.9,6,1291.52,1196.733
0.5,0.8,0.0,0.9,7,1280.979,1177.425
0.5,0.8,0.0,0.9,8,1217.565,1126.337
0.5,0.8,0.0,0.9,9,1241.946,1155.881
0.5,0.8,0.2,0.1,0,1166.213,975.046
0.5,0.8,0.2,0.1,1,1169.959,986.573
0.5,0.8,0.2,0.1,2,1182.148,984.818
0.5,0.8,0.2,0.1,3,1195.126,991.419
0.5,0.8,0.2,0.1,4,1164.914,972.139
0.5,0.8,0.2,0.1,5,1226.46,1023.83
0.5,0.8,0.2,0.1,6,1236.599,1056.846
0.5,0.8,0.2,0.1,7,1217.778,1023.398
0.5,0.8,0.2,0.1,8,1158.666,976.986
0.5,0.8,0.2,0.1,9,1170.02,982.135
0.5,0.8,0.2,0.2,0,1186.91,1013.856
0.5,0.8,0.2,0.2,1,1194.715,1033.07
0.5,0.8,0.2,0.2,2,1205.287,1029.436
0.5,0.8,0.2,0.2,3,1221.589,1036.082
0.5,0.8,0.2,0.2,4,1183.331,1008.531
0.5,0.8,0.2,0.2,5,1252.432,1069.076
0.5,0.8,0.2,0.2,6,1260.71,1102.764
0.5,0.8,0.2,0.2,7,1244.759,1075.779
0.5,0.8,0.2,0.2,8,1180.219,1017.689
0.5,0.8,0.2,0.2,9,1199.608,1039.407
0.5,0.8,0.2,0.3,0,1194.935,1035.09
0.5,0.8,0.2,0.3,1,1210.456,1065.01
0.5,0.8,0.2,0.3,2,1217.692,1056.588
0.5,0.8,0.2,0.3,3,1228.579,1060.735
0.5,0.8,0.2,0.3,4,1192.22,1028.049
0.5,0.8,0.2,0.3,5,1263.297,1098.975
0.5,0.8,0.2,0.3,6,1266.392,1118.679
0.5,0.8,0.2,0.3,7,1256.785,1100.89
0.5,0.8,0.2,0.3,8,1193.842,1047.937
0.5,0.8,0.2,0.3,9,1209.566,1063.242
0.5,0.8,0.2,0.4,0,1202.405,1053.909
0.5,0.8,0.2,0.4,1,1217.963,1084.07
0.5,0.8,0.2,0.4,2,1230.811,1086.777
0.5,0.8,0.2,0.4,3,1234.49,1079.864
0.5,0.8,0.2,0.4,4,1200.64,1049.822
0.5,0.8,0.2,0.4,5,1272.257,1118.774
0.5,0.8,0.2,0.4,6,1278.594,1144.11
0.5,0.8,0.2,0.4,7,1265.439,1120.346
0.5,0.8,0.2,0.4,8,1204.823,1073.409
0.5,0.8,0.2,0.4,9,1220.391,1088.646
0.5,0.8,0.2,0.5,0,1209.603,1075.467
0.5,0.8,0.2,0.5,1,1223.192,1096.927
0.5,0.8,0.2,0.5,2,1237.649,1105.118
0.5,0.8,0.2,0.5,3,1242.719,1096.635
0.5,0.8,0.2,0.5,4,1209.845,1072.476
0.5,0.8,0.2,0.5,5,1279.975,1137.234
0.5,0.8,0.2,0.5,6,1279.922,1153.527
0.5,0.8,0.2,0.5,7,1268.527,1134.016
0.5,0.8,0.2,0.5,8,1203.705,1077.045
0.5,0.8,0.2,0.5,9,1226.579,1104.645
0.5,0.8,0.2,0.6,0,1215.578,1087.145
0.5,0.8,0.2,0.6,1,1226.686,1107.601
0.5,0.8,0.2,0.6,2,1238.339,1111.221
0.5,0.8,0.2,0.6,3,1245.159,1111.838
0.5,0.8,0.2,0.6,4,1215.871,1089.022
0.5,0.8,0.2,0.6,5,1283.134,1148.3
0.5,0.8,0.2,0.6,6,1285.946,1168.153
0.5,0.8,0.2,0.6,7,1274.84,1146.662
0.5,0.8,0.2,0.6,8,1213.285,1097.414
0.5,0.8,0.2,0.6,9,1232.388,1120.372
0.5,0.8,0.2,0.7,0,1216.563,1097.253
0.5,0.8,0.2,0.7,1,1226.346,1117.67
0.5,0.8,0.2,0.7,2,1241.21,1121.026
0.5,0.8,0.2,0.7,3,1249.969,1123.388
0.5,0.8,0.2,0.7,4,1215.875,1093.887
0.5,0.8,0.2,0.7,5,1285.476,1163.703
0.5,0.8,0.2,0.7,6,1288.958,1177.049
0.5,0.8,0.2,0.7,7,1276.145,1159.509
0.5,0.8,0.2,0.7,8,1212.792,1096.465
0.5,0.8,0.2,0.7,9,1235.749,1128.701
0.5,0.8,0.2,0.8,0,1217.312,1104.764
0.5,0.8,0.2,0.8,1,1231.247,1127.434
0.5,0.8,0.2,0.8,2,1242.983,1134.04
0.5,0.8,0.2,0.8,3,1251.336,1131.203
0.5,0.8,0.2,0.8,4,1218.769,1105.186
0.5,0.8,0.2,0.8,5,1284.059,1167.593
0.5,0.8,0.2,0.8,6,1290.593,1181.123
0.5,0.8,0.2,0.8,7,1279.849,1165.942
0.5,0.8,0.2,0.8,8,1217.004,1107.985
0.5,0.8,0.2,0.8,9,1238.741,1142.557
0.5,0.8,0.2,0.9,0,1218.551,1119.225
0.5,0.8,0.2,0.9,1,1230.973,1134.505
0.5,0.8,0.2,0.9,2,1244.018,1142.675
0.5,0.8,0.2,0.9,3,1252.471,1142.681
0.5,0.8,0.2,0.9,4,1218.183,1119.249
0.5,0.8,0.2,0.9,5,1287.474,1174.73
0.5,0.8,0.2,0.9,6,1293.741,1188.434
0.5,0.8,0.2,0.9,7,1278.955,1171.67
0.5,0.8,0.2,0.9,8,1216.9,1120.429
0.5,0.8,0.2,0.9,9,1241.357,1154.316
0.5,0.8,0.5,0.1,0,1051.824,787.331
0.5,0.8,0.5,0.1,1,1050.276,794.449
0.5,0.8,0.5,0.1,2,1058.734,786.331
0.5,0.8,0.5,0.1,3,1097.016,828.289
0.5,0.8,0.5,0.1,4,1050.206,787.953
0.5,0.8,0.5,0.1,5,1109.95,833.715
0.5,0.8,0.5,0.1,6,1092.141,827.658
0.5,0.8,0.5,0.1,7,1099.424,834.344
0.5,0.8,0.5,0.1,8,1024.52,761.602
0.5,0.8,0.5,0.1,9,1050.84,793.586
0.5,0.8,0.5,0.2,0,1108.107,875.501
0.5,0.8,0.5,0.2,1,1116.097,893.813
0.5,0.8,0.5,0.2,2,1130.529,894.11
0.5,0.8,0.5,0.2,3,1146.28,905.995
0.5,0.8,0.5,0.2,4,1111.875,880.902
0.5,0.8,0.5,0.2,5,1177.384,934.499
0.5,0.8,0.5,0.2,6,1165.971,939.647
0.5,0.8,0.5,0.2,7,1166.953,938.1
0.5,0.8,0.5,0.2,8,1093.113,865.094
0.5,0.8,0.5,0.2,9,1117.206,894.644
0.5,0.8,0.5,0.3,0,1144.527,935.446
0.5,0.8,0.5,0.3,1,1148.617,948.917
0.5,0.8,0.5,0.3,2,1167.658,957.237
0.5,0.8,0.5,0.3,3,1182.084,964.822
0.5,0.8,0.5,0.3,4,1149.115,944.396
0.5,0.8,0.5,0.3,5,1206.898,988.964
0.5,0.8,0.5,0.3,6,1212.975,1015.122
0.5,0.8,0.5,0.3,7,1198.697,991.115
0.5,0.8,0.5,0.3,8,1136.09,937.905
0.5,0.8,0.5,0.3,9,1149.772,948.6
0.5,0.8,0.5,0.4,0,1169.712,981.098
0.5,0.8,0.5,0.4,1,1177.821,997.633
0.5,0.8,0.5,0.4,2,1193.288,1002.937
0.5,0.8,0.5,0.4,3,1202.576,1002.098
0.5,0.8,0.5,0.4,4,1170.516,981.409
0.5,0.8,0.5,0.4,5,1233.85,1036.203
0.5,0.8,0.5,0.4,6,1236.899,1060.238
0.5,0.8,0.5,0.4,7,1227.058,1040.878
0.5,0.8,0.5,0.4,8,1162.853,985.634
0.5,0.8,0.5,0.4,9,1175.732,994.607
0.5,0.8,0.5,0.5,0,1187.585,1013.803
0.5,0.8,0.5,0.5,1,1192.687,1032.455
0.5,0.8,0.5,0.5,2,1207.96,1034.457
0.5,0.8,0.5,0.5,3,1221.836,1040.682
0.5,0.8,0.5,0.5,4,1184.881,1009.827
0.5,0.8,0.5,0.5,5,1253.84,1074.637
0.5,0.8,0.5,0.5,6,1256.583,1096.98
0.5,0.8,0.5,0.5,7,1247.348,1077.151
0.5,0.8,0.5,0.5,8,1182.055,1022.375
0.5,0.8,0.5,0.5,9,1194.103,1031.109
0.5,0.8,0.5,0.6,0,1197.87,1041.917
0.5,0.8,0.5,0.6,1,1210.227,1064.845
0.5,0.8,0.5,0.6,2,1222.299,1066.918
0.5,0.8,0.5,0.6,3,1232.182,1065.919
0.5,0.8,0.5,0.6,4,1194.852,1035.383
0.5,0.8,0.5,0.6,5,1269.88,1109.687
0.5,0.8,0.5,0.6,6,1268.271,1119.693
0.5,0.8,0.5,0.6,7,1259.114,1106.465
0.5,0.8,0.5,0.6,8,1195.039,1054.732
0.5,0.8,0.5,0.6,9,1215.873,1072.343
0.5,0.8,0.5,0.7,0,1205.899,1068.935
0.5,0.8,0.5,0.7,1,1220.931,1093.476
0.5,0.8,0.5,0.7,2,1232.241,1094.595
0.5,0.8,0.5,0.7,3,1237.084,1088.184
0.5,0.8,0.5,0.7,4,1210.275,1071.342
0.5,0.8,0.5,0.7,5,1277.908,1133.728
0.5,0.8,0.5,0.7,6,1279.395,1148.391
0.5,0.8,0.5,0.7,7,1269.672,1132.031
0.5,0.8,0.5,0.7,8,1208.961,1082.98
0.5,0.8,0.5,0.7,9,1223.445,1098.535
0.5,0.8,0.5,0.8,0,1215.152,1092.743
0.5,0.8,0.5,0.8,1,1229.758,1116.808
0.5,0.8,0.5,0.8,2,1240.852,1120.902
0.5,0.8,0.5,0.8,3,1253.088,1126.786
0.5,0.8,0.5,0.8,4,1212.675,1087.415
0.5,0.8,0.5,0.8,5,1286.281,1161.688
0.5,0.8,0.5,0.8,6,1287.425,1170.58
0.5,0.8,0.5,0.8,7,1273.259,1151.732
0.5,0.8,0.5,0.8,8,1215.049,1100.194
0.5,0.8,0.5,0.8,9,1235.267,1125.808
0.5,0.8,0.5,0.9,0,1221.794,1119.634
0.5,0.8,0.5,0.9,1,1231.998,1133.548
0.5,0.8,0.5,0.9,2,1246.136,1143.294
0.5,0.8,0.5,0.9,3,1250.923,1141.217
0.5,0.8,0.5,0.9,4,1219.86,1119.454
0.5,0.8,0.5,0.9,5,1287.347,1174.469
0.5,0.8,0.5,0.9,6,1289.397,1182.443
0.5,0.8,0.5,0.9,7,1279.031,1169.623
0.5,0.8,0.5,0.9,8,1217.509,1120.163
0.5,0.8,0.5,0.9,9,1240.385,1147.71
0.5,0.8,0.8,0.1,0,979.83,687.769
0.5,0.8,0.8,0.1,1,983.869,705.445
0.5,0.8,0.8,0.1,2,1003.701,709.391
0.5,0.8,0.8,0.1,3,1017.969,717.568
0.5,0.8,0.8,0.1,4,977.366,684.064
0.5,0.8,0.8,0.1,5,1039.222,735.932
0.5,0.8,0.8,0.1,6,1011.146,714.888
0.5,0.8,0.8,0.1,7,1032.976,742.885
0.5,0.8,0.8,0.1,8,958.831,670.824
0.5,0.8,0.8,0.1,9,979.557,695.376
0.5,0.8,0.8,0.2,0,1060.23,801.93
0.5,0.8,0.8,0.2,1,1062.795,813.543
0.5,0.8,0.8,0.2,2,1069.655,803.381
0.5,0.8,0.8,0.2,3,1099.726,831.409
0.5,0.8,0.8,0.2,4,1062.078,803.877
0.5,0.8,0.8,0.2,5,1122.983,852.787
0.5,0.8,0.8,0.2,6,1105.441,847.308
0.5,0.8,0.8,0.2,7,1103.769,842.694
0.5,0.8,0.8,0.2,8,1038.234,781.875
0.5,0.8,0.8,0.2,9,1053.947,799.618
0.5,0.8,0.8,0.3,0,1109.774,875.419
0.5,0.8,0.8,0.3,1,1104.678,876.765
0.5,0.8,0.8,0.3,2,1117.908,875.485
0.5,0.8,0.8,0.3,3,1151.709,910.555
0.5,0.8,0.8,0.3,4,1106.49,873.015
0.5,0.8,0.8,0.3,5,1166.192,921.723
0.5,0.8,0.8,0.3,6,1156.124,923.167
0.5,0.8,0.8,0.3,7,1156.995,921.681
0.5,0.8,0.8,0.3,8,1090.773,861.016
0.5,0.8,0.8,0.3,9,1115.544,890.249
0.5,0.8,0.8,0.4,0,1143.706,933.252
0.5,0.8,0.8,0.4,1,1143.93,940.765
0.5,0.8,0.8,0.4,2,1161.643,946.471
0.5,0.8,0.8,0.4,3,1176.036,955.289
0.5,0.8,0.8,0.4,4,1143.627,933.539
0.5,0.8,0.8,0.4,5,1201.56,978.119
0.5,0.8,0.8,0.4,6,1202.013,998.756
0.5,0.8,0.8,0.4,7,1200.897,992.212
0.5,0.8,0.8,0.4,8,1131.504,930.447
0.5,0.8,0.8,0.4,9,1145.762,940.708
0.5,0.8,0.8,0.5,0,1170.627,982.526
0.5,0.8,0.8,0.5,1,1176.68,998.151
0.5,0.8,0.8,0.5,2,1189.615,996.88
0.5,0.8,0.8,0.5,3,1200.854,999.394
0.5,0.8,0.8,0.5,4,1170.173,980.59
0.5,0.8,0.8,0.5,5,1231.884,1033.751
0.5,0.8,0.8,0.5,6,1234.642,1054.713
0.5,0.8,0.8,0.5,7,1222.095,1031.408
0.5,0.8,0.8,0.5,8,1159.939,980.584
0.5,0.8,0.8,0.5,9,1173.985,991.551
0.5,0.8,0.8,0.6,0,1185.775,1013.589
0.5,0.8,0.8,0.6,1,1196.789,1037.912
0.5,0.8,0.8,0.6,2,1211.093,1041.478
0.5,0.8,0.8,0.6,3,1219.857,1041.948
0.5,0.8,0.8,0.6,4,1187.633,1016.527
0.5,0.8,0.8,0.6,5,1247.023,1066.807
0.5,0.8,0.8,0.6,6,1255.02,1094.786
0.5,0.8,0.8,0.6,7,1245.876,1077.601
0.5,0.8,0.8,0.6,8,1183.075,1023.463
0.5,0.8,0.8,0.6,9,1198.56,1039.737
0.5,0.8,0.8,0.7,0,1200.216,1047.853
0.5,0.8,0.8,0.7,1,1211.838,1072.514
0.5,0.8,0.8,0.7,2,1226.611,1076.424
0.5,0.8,0.8,0.7,3,1236.226,1078.089
0.5,0.8,0.8,0.7,4,1199.33,1047.079
0.5,0.8,0.8,0.7,5,1272.769,1117.751
0.5,0.8,0.8,0.7,6,1273.537,1131.022
0.5,0.8,0.8,0.7,7,1260.919,1112.361
0.5,0.8,0.8,0.7,8,1201.474,1064.299
0.5,0.8,0.8,0.7,9,1221.116,1085.586
0.5,0.8,0.8,0.8,0,1212.804,1083.737
0.5,0.8,0.8,0.8,1,1224.618,1105.093
0.5,0.8,0.8,0.8,2,1237.608,1110.775
0.5,0.8,0.8,0.8,3,1250.977,1118.026
0.5,0.8,0.8,0.8,4,1212.373,1082.6
0.5,0.8,0.8,0.8,5,1281.61,1149.517
0.5,0.8,0.8,0.8,6,1287.451,1167.791
0.5,0.8,0.8,0.8,7,1275.075,1146.637
0.5,0.8,0.8,0.8,8,1212.884,1095.147
0.5,0.8,0.8,0.8,9,1232.888,1118.001
0.5,0.8,0.8,0.9,0,1219.449,1115.611
0.5,0.8,0.8,0.9,1,1230.052,1133.717
0.5,0.8,0.8,0.9,2,1243.927,1139.925
0.5,0.8,0.8,0.9,3,1256.924,1144.102
0.5,0.8,0.8,0.9,4,1219.397,1116.664
0.5,0.8,0.8,0.9,5,1289.623,1175.981
0.5,0.8,0.8,0.9,6,1292.511,1187.857
0.5,0.8,0.8,0.9,7,1276.865,1166.045
0.5,0.8,0.8,0.9,8,1216.389,1114.886
0.5,0.8,0.8,0.9,9,1241.24,1148.532
0.5,0.8,1.0,0.1,0,948.961,647.075
0.5,0.8,1.0,0.1,1,952.965,665.416
0.5,0.8,1.0,0.1,2,972.575,669.717
0.5,0.8,1.0,0.1,3,991.341,684.204
0.5,0.8,1.0,0.1,4,954.091,653.253
0.5,0.8,1.0,0.1,5,1001.168,685.038
0.5,0.8,1.0,0.1,6,986.325,682.454
0.5,0.8,1.0,0.1,7,1000.124,700.273
0.5,0.8,1.0,0.1,8,928.924,632.465
0.5,0.8,1.0,0.1,9,952.48,661.762
0.5,0.8,1.0,0.2,0,1034.022,762.709
0.5,0.8,1.0,0.2,1,1037.219,778.406
0.5,0.8,1.0,0.2,2,1055.242,781.005
0.5,0.8,1.0,0.2,3,1076.544,797.743
0.5,0.8,1.0,0.2,4,1033.36,763.324
0.5,0.8,1.0,0.2,5,1095.595,813.176
0.5,0.8,1.0,0.2,6,1071.195,798.837
0.5,0.8,1.0,0.2,7,1079.877,806.615
0.5,0.8,1.0,0.2,8,1009.902,742.9
0.5,0.8,1.0,0.2,9,1029.662,765.471
0.5,0.8,1.0,0.3,0,1091.694,848.945
0.5,0.8,1.0,0.3,1,1093.565,860.446
0.5,0.8,1.0,0.3,2,1099.61,846.756
0.5,0.8,1.0,0.3,3,1126.612,872.818
0.5,0.8,1.0,0.3,4,1089.67,846.558
0.5,0.8,1.0,0.3,5,1147.034,889.705
0.5,0.8,1.0,0.3,6,1136.895,894.043
0.5,0.8,1.0,0.3,7,1131.631,883.31
0.5,0.8,1.0,0.3,8,1072.838,834.293
0.5,0.8,1.0,0.3,9,1095.654,861.76
0.5,0.8,1.0,0.4,0,1129.968,911.363
0.5,0.8,1.0,0.4,1,1128.998,914.947
0.5,0.8,1.0,0.4,2,1143.585,917.601
0.5,0.8,1.0,0.4,3,1165.812,933.83
0.5,0.8,1.0,0.4,4,1131.057,911.843
0.5,0.8,1.0,0.4,5,1187.751,954.244
0.5,0.8,1.0,0.4,6,1187.019,974.12
0.5,0.8,1.0,0.4,7,1182.809,962.442
0.5,0.8,1.0,0.4,8,1117.721,906.403
0.5,0.8,1.0,0.4,9,1134.011,920.907
0.5,0.8,1.0,0.5,0,1158.828,961.16
0.5,0.8,1.0,0.5,1,1161.095,971.689
0.5,0.8,1.0,0.5,2,1175.069,974.37
0.5,0.8,1.0,0.5,3,1195.944,988.279
0.5,0.8,1.0,0.5,4,1160.209,962.861
0.5,0.8,1.0,0.5,5,1221.886,1012.897
0.5,0.8,1.0,0.5,6,1220.622,1028.983
0.5,0.8,1.0,0.5,7,1213.1,1015.199
0.5,0.8,1.0,0.5,8,1148.882,958.215
0.5,0.8,1.0,0.5,9,1162.965,970.636
0.5,0.8,1.0,0.6,0,1180.382,1000.84
0.5,0.8,1.0,0.6,1,1189.256,1024.359
0.5,0.8,1.0,0.6,2,1199.864,1019.56
0.5,0.8,1.0,0.6,3,1212.865,1026.592
0.5,0.8,1.0,0.6,4,1181.099,1002.584
0.5,0.8,1.0,0.6,5,1246.348,1060.542
0.5,0.8,1.0,0.6,6,1246.743,1078.363
0.5,0.8,1.0,0.6,7,1239.01,1064.201
0.5,0.8,1.0,0.6,8,1177.498,1011.587
0.5,0.8,1.0,0.6,9,1193.882,1027.086
0.5,0.8,1.0,0.7,0,1198.219,1042.231
0.5,0.8,1.0,0.7,1,1209.939,1064.826
0.5,0.8,1.0,0.7,2,1226.486,1072.556
0.5,0.8,1.0,0.7,3,1232.778,1071.391
0.5,0.8,1.0,0.7,4,1196.5,1040.683
0.5,0.8,1.0,0.7,5,1266.078,1106.094
0.5,0.8,1.0,0.7,6,1268.399,1121.539
0.5,0.8,1.0,0.7,7,1259.101,1104.672
0.5,0.8,1.0,0.7,8,1196.476,1055.011
0.5,0.8,1.0,0.7,9,1212.678,1068.263
0.5,0.8,1.0,0.8,0,1210.436,1079.973
0.5,0.8,1.0,0.8,1,1224.879,1103.965
0.5,0.8,1.0,0.8,2,1237.205,1107.305
0.5,0.8,1.0,0.8,3,1245.824,1109.478
0.5,0.8,1.0,0.8,4,1211.751,1080.994
0.5,0.8,1.0,0.8,5,1279.666,1141.975
0.5,0.8,1.0,0.8,6,1287.309,1163.864
0.5,0.8,1.0,0.8,7,1273.148,1141.796
0.5,0.8,1.0,0.8,8,1210.164,1089.395
0.5,0.8,1.0,0.8,9,1230.112,1111.042
0.5,0.8,1.0,0.9,0,1217.781,1114.669
0.5,0.8,1.0,0.9,1,1231.052,1133.672
0.5,0.8,1.0,0.9,2,1243.81,1142.769
0.5,0.8,1.0,0.9,3,1251.304,1139.11
0.5,0.8,1.0,0.9,4,1217.493,1114.601
0.5,0.8,1.0,0.9,5,1288.668,1173.949
0.5,0.8,1.0,0.9,6,1290.343,1183.741
0.5,0.8,1.0,0.9,7,1278.918,1169.928
0.5,0.8,1.0,0.9,8,1217.076,1117.562
0.5,0.8,1.0,0.9,9,1237.313,1146.12
0.8,0.5,0.0,0.1,0,1231.578,1044.129
0.8,0.5,0.0,0.1,1,1202.61,997.818
0.8,0.5,0.0,0.1,2,1194.687,975.869
0.8,0.5,0.0,0.1,3,1192.385,987.272
0.8,0.5,0.0,0.1,4,1232.339,1044.607
0.8,0.5,0.0,0.1,5,1224.547,1025.338
0.8,0.5,0.0,0.1,6,1230.453,1040.227
0.8,0.5,0.0,0.1,7,1232.628,1016.874
0.8,0.5,0.0,0.1,8,1221.181,1036.972
0.8,0.5,0.0,0.1,9,1204.066,1005.755
0.8,0.5,0.0,0.2,0,1230.753,1041.176
0.8,0.5,0.0,0.2,1,1206.34,1000.189
0.8,0.5,0.0,0.2,2,1195.116,978.197
0.8,0.5,0.0,0.2,3,1195.041,990.332
0.8,0.5,0.0,0.2,4,1232.325,1041.364
0.8,0.5,0.0,0.2,5,1221.582,1021.068
0.8,0.5,0.0,0.2,6,1230.277,1043.656
0.8,0.5,0.0,0.2,7,1232.632,1017.777
0.8,0.5,0.0,0.2,8,1218.482,1036.113
0.8,0.5,0.0,0.2,9,1202.029,1001.495
0.8,0.5,0.0,0.3,0,1233.38,1044.933
0.8,0.5,0.0,0.3,1,1204.688,998.433
0.8,0.5,0.0,0.3,2,1193.884,978.053
0.8,0.5,0.0,0.3,3,1193.418,989.901
0.8,0.5,0.0,0.3,4,1231.558,1044.709
0.8,0.5,0.0,0.3,5,1224.005,1022.31
0.8,0.5,0.0,0.3,6,1230.895,1040.055
0.8,0.5,0.0,0.3,7,1232.683,1018.034
0.8,0.5,0.0,0.3,8,1224.681,1040.863
0.8,0.5,0.0,0.3,9,1203.297,1003.048
0.8,0.5,0.0,0.4,0,1235.986,1046.544
0.8,0.5,0.0,0.4,1,1204.639,999.829
0.8,0.5,0.0,0.4,2,1194.434,974.677
0.8,0.5,0.0,0.4,3,1192.328,988.21
0.8,0.5,0.0,0.4,4,1234.954,1046.422
0.8,0.5,0.0,0.4,5,1225.267,1025.432
0.8,0.5,0.0,0.4,6,1230.948,1041.55
0.8,0.5,0.0,0.4,7,1230.502,1014.715
0.8,0.5,0.0,0.4,8,1220.025,1035.633
0.8,0.5,0.0,0.4,9,1203.851,1001.288
0.8,0.5,0.0,0.5,0,1236.189,1047.308
0.8,0.5,0.0,0.5,1,1204.746,997.892
0.8,0.5,0.0,0.5,2,1195.741,978.681
0.8,0.5,0.0,0.5,3,1191.237,989.864
0.8,0.5,0.0,0.5,4,1234.742,1043.94
0.8,0.5,0.0,0.5,5,1223.592,1023.825
0.8,0.5,0.0,0.5,6,1230.013,1040.47
0.8,0.5,0.0,0.5,7,1229.695,1016.98
0.8,0.5,0.0,0.5,8,1223.546,1037.729
0.8,0.5,0.0,0.5,9,1202.036,1004.213
0.8,0.5,0.0,0.6,0,1234.04,1044.979
0.8,0.5,0.0,0.6,1,1205.605,999.318
0.8,0.5,0.0,0.6,2,1193.618,973.466
0.8,0.5,0.0,0.6,3,1189.647,987.242
0.8,0.5,0.0,0.6,4,1234.486,1045.378
0.8,0.5,0.0,0.6,5,1227.475,1024.92
0.8,0.5,0.0,0.6,6,1231.707,1043.588
0.8,0.5,0.0,0.6,7,1232.41,1014.44
0.8,0.5,0.0,0.6,8,1218.32,1033.983
0.8,0.5,0.0,0.6,9,1202.95,1005.521
0.8,0.5,0.0,0.7,0,1233.21,1046.433
0.8,0.5,0.0,0.7,1,1203.105,999.13
0.8,0.5,0.0,0.7,2,1193.821,977.013
0.8,0.5,0.0,0.7,3,1193.363,988.197
0.8,0.5,0.0,0.7,4,1234.245,1046.262
0.8,0.5,0.0,0.7,5,1223.873,1025.77
0.8,0.5,0.0,0.7,6,1230.757,1040.207
0.8,0.5,0.0,0.7,7,1232.158,1019.787
0.8,0.5,0.0,0.7,8,1221.398,1034.614
0.8,0.5,0.0,0.7,9,1202.775,1003.386
0.8,0.5,0.0,0.8,0,1232.763,1044.271
0.8,0.5,0.0,0.8,1,1202.15,999.032
0.8,0.5,0.0,0.8,2,1193.225,977.427
0.8,0.5,0.0,0.8,3,1192.448,989.79
0.8,0.5,0.0,0.8,4,1229.774,1044.088
0.8,0.5,0.0,0.8,5,1225.942,1024.828
0.8,0.5,0.0,0.8,6,1226.571,1036.504
0.8,0.5,0.0,0.8,7,1229.538,1014.365
0.8,0.5,0.0,0.8,8,1218.239,1034.908
0.8,0.5,0.0,0.8,9,1205.097,1006.63
0.8,0.5,0.0,0.9,0,1231.943,1043.92
0.8,0.5,0.0,0.9,1,1205.094,997.972
0.8,0.5,0.0,0.9,2,1192.514,975.361
0.8,0.5,0.0,0.9,3,1195.038,996.245
0.8,0.5,0.0,0.9,4,1234.588,1045.768
0.8,0.5,0.0,0.9,5,1223.78,1022.824
0.8,0.5,0.0,0.9,6,1231.256,1038.955
0.8,0.5,0.0,0.9,7,1229.109,1012.975
0.8,0.5,0.0,0.9,8,1222.918,1037.995
0.8,0.5,0.0,0.9,9,1203.017,1002.239
0.8,0.5,0.2,0.1,0,1198.074,944.819
0.8,0.5,0.2,0.1,1,1173.488,908.911
0.8,0.5,0.2,0.1,2,1167.568,889.188
0.8,0.5,0.2,0.1,3,1163.119,899.899
0.8,0.5,0.2,0.1,4,1197.818,945.128
0.8,0.5,0.2,0.1,5,1196.429,934.306
0.8,0.5,0.2,0.1,6,1194.785,937.874
0.8,0.5,0.2,0.1,7,1202.734,928.228
0.8,0.5,0.2,0.1,8,1190.879,939.873
0.8,0.5,0.2,0.1,9,1173.19,910.797
0.8,0.5,0.2,0.2,0,1213.098,975.329
0.8,0.5,0.2,0.2,1,1187.161,938.432
0.8,0.5,0.2,0.2,2,1178.739,911.953
0.8,0.5,0.2,0.2,3,1175.646,928.505
0.8,0.5,0.2,0.2,4,1218.543,984.751
0.8,0.5,0.2,0.2,5,1206.285,958.327
0.8,0.5,0.2,0.2,6,1211.22,977.107
0.8,0.5,0.2,0.2,7,1210.492,949.321
0.8,0.5,0.2,0.2,8,1208.862,977.352
0.8,0.5,0.2,0.2,9,1188.942,942.973
0.8,0.5,0.2,0.3,0,1224.264,1000.101
0.8,0.5,0.2,0.3,1,1195.844,958.143
0.8,0.5,0.2,0.3,2,1183.936,928.843
0.8,0.5,0.2,0.3,3,1179.827,939.749
0.8,0.5,0.2,0.3,4,1221.054,994.667
0.8,0.5,0.2,0.3,5,1214.44,981.322
0.8,0.5,0.2,0.3,6,1218.638,992.851
0.8,0.5,0.2,0.3,7,1221.466,973.019
0.8,0.5,0.2,0.3,8,1208.429,986.246
0.8,0.5,0.2,0.3,9,1193.015,954.636
0.8,0.5,0.2,0.4,0,1227.379,1012.809
0.8,0.5,0.2,0.4,1,1200.929,969.438
0.8,0.5,0.2,0.4,2,1185.755,937.875
0.8,0.5,0.2,0.4,3,1183.856,953.518
0.8,0.5,0.2,0.4,4,1228.707,1011.664
0.8,0.5,0.2,0.4,5,1218.425,990.099
0.8,0.5,0.2,0.4,6,1226.592,1012.181
0.8,0.5,0.2,0.4,7,1223.123,983.883
0.8,0.5,0.2,0.4,8,1217.988,1006.594
0.8,0.5,0.2,0.4,9,1199.122,973.479
0.8,0.5,0.2,0.5,0,1229.453,1020.984
0.8,0.5,0.2,0.5,1,1202.218,978.873
0.8,0.5,0.2,0.5,2,1191.589,953.55
0.8,0.5,0.2,0.5,3,1189.087,966.625
0.8,0.5,0.2,0.5,4,1228.541,1019.434
0.8,0.5,0.2,0.5,5,1220.493,1000.357
0.8,0.5,0.2,0.5,6,1228.171,1019.844
0.8,0.5,0.2,0.5,7,1228.409,989.615
0.8,0.5,0.2,0.5,8,1220.65,1013.069
0.8,0.5,0.2,0.5,9,1200.589,978.57
0.8,0.5,0.2,0.6,0,1231.356,1026.708
0.8,0.5,0.2,0.6,1,1203.449,985.414
0.8,0.5,0.2,0.6,2,1192.323,956.893
0.8,0.5,0.2,0.6,3,1190.74,974.791
0.8,0.5,0.2,0.6,4,1232.159,1033.642
0.8,0.5,0.2,0.6,5,1221.32,1003.68
0.8,0.5,0.2,0.6,6,1229.946,1028.428
0.8,0.5,0.2,0.6,7,1224.988,994.855
0.8,0.5,0.2,0.6,8,1219.019,1018.805
0.8,0.5,0.2,0.6,9,1202.476,988.262
0.8,0.5,0.2,0.7,0,1232.219,1030.75
0.8,0.5,0.2,0.7,1,1201.565,986.734
0.8,0.5,0.2,0.7,2,1192.277,960.653
0.8,0.5,0.2,0.7,3,1191.876,977.254
0.8,0.5,0.2,0.7,4,1231.41,1032.43
0.8,0.5,0.2,0.7,5,1221.16,1010.583
0.8,0.5,0.2,0.7,6,1229.544,1031.015
0.8,0.5,0.2,0.7,7,1230.229,1007.222
0.8,0.5,0.2,0.7,8,1224.232,1028.435
0.8,0.5,0.2,0.7,9,1201.519,991.297
0.8,0.5,0.2,0.8,0,1234.346,1041.694
0.8,0.5,0.2,0.8,1,1204.086,996.133
0.8,0.5,0.2,0.8,2,1193.519,974.728
0.8,0.5,0.2,0.8,3,1191.463,986.112
0.8,0.5,0.2,0.8,4,1233.027,1041.863
0.8,0.5,0.2,0.8,5,1227.151,1022.263
0.8,0.5,0.2,0.8,6,1230.589,1037.218
0.8,0.5,0.2,0.8,7,1232.306,1016.303
0.8,0.5,0.2,0.8,8,1222.708,1033.565
0.8,0.5,0.2,0.8,9,1204.806,1004.062
0.8,0.5,0.2,0.9,0,1236.457,1050.531
0.8,0.5,0.2,0.9,1,1204.826,1004.503
0.8,0.5,0.2,0.9,2,1192.803,978.371
0.8,0.5,0.2,0.9,3,1189.305,989.654
0.8,0.5,0.2,0.9,4,1234.91,1046.846
0.8,0.5,0.2,0.9,5,1226.234,1029.824
0.8,0.5,0.2,0.9,6,1230.187,1042.712
0.8,0.5,0.2,0.9,7,1232.109,1023.654
0.8,0.5,0.2,0.9,8,1220.556,1042.102
0.8,0.5,0.2,0.9,9,1202.271,1010.32
0.8,0.5,0.5,0.1,0,1124.73,821.947
0.8,0.5,0.5,0.1,1,1112.625,805.419
0.8,0.5,0.5,0.1,2,1103.533,775.969
0.8,0.5,0.5,0.1,3,1086.124,769.952
0.8,0.5,0.5,0.1,4,1130.54,829.435
0.8,0.5,0.5,0.1,5,1125.234,812.666
0.8,0.5,0.5,0.1,6,1125.557,821.474
0.8,0.5,0.5,0.1,7,1142.959,828.661
0.8,0.5,0.5,0.1,8,1129.301,839.697
0.8,0.5,0.5,0.1,9,1111.223,801.993
0.8,0.5,0.5,0.2,0,1165.795,885.75
0.8,0.5,0.5,0.2,1,1146.966,863.059
0.8,0.5,0.5,0.2,2,1136.193,827.585
0.8,0.5,0.5,0.2,3,1139.182,853.037
0.8,0.5,0.5,0.2,4,1168.598,889.526
0.8,0.5,0.5,0.2,5,1164.285,873.411
0.8,0.5,0.5,0.2,6,1162.944,880.594
0.8,0.5,0.5,0.2,7,1178.014,881.222
0.8,0.5,0.5,0.2,8,1163.824,891.159
0.8,0.5,0.5,0.2,9,1147.15,859.796
0.8,0.5,0.5,0.3,0,1193.79,935.627
0.8,0.5,0.5,0.3,1,1168.455,898.958
0.8,0.5,0.5,0.3,2,1157.997,870.7
0.8,0.5,0.5,0.3,3,1157.163,888.195
0.8,0.5,0.5,0.3,4,1190.275,929.719
0.8,0.5,0.5,0.3,5,1186.587,917.396
0.8,0.5,0.5,0.3,6,1188.283,925.043
0.8,0.5,0.5,0.3,7,1199.912,921.27
0.8,0.5,0.5,0.3,8,1178.448,919.947
0.8,0.5,0.5,0.3,9,1164.498,893.034
0.8,0.5,0.5,0.4,0,1211.624,969.169
0.8,0.5,0.5,0.4,1,1184.597,931.223
0.8,0.5,0.5,0.4,2,1174.681,902.997
0.8,0.5,0.5,0.4,3,1172.169,917.067
0.8,0.5,0.5,0.4,4,1205.798,960.373
0.8,0.5,0.5,0.4,5,1197.996,940.224
0.8,0.5,0.5,0.4,6,1205.348,958.093
0.8,0.5,0.5,0.4,7,1208.416,942.061
0.8,0.5,0.5,0.4,8,1193.172,950.031
0.8,0.5,0.5,0.4,9,1180.618,927.291
0.8,0.5,0.5,0.5,0,1220.158,990.474
0.8,0.5,0.5,0.5,1,1193.666,954.656
0.8,0.5,0.5,0.5,2,1183.992,928.737
0.8,0.5,0.5,0.5,3,1181.635,938.071
0.8,0.5,0.5,0.5,4,1218.284,987.813
0.8,0.5,0.5,0.5,5,1213.635,973.401
0.8,0.5,0.5,0.5,6,1216.84,985.139
0.8,0.5,0.5,0.5,7,1215.884,960.893
0.8,0.5,0.5,0.5,8,1204.164,971.712
0.8,0.5,0.5,0.5,9,1190.394,947.73
0.8,0.5,0.5,0.6,0,1224.647,1008.236
0.8,0.5,0.5,0.6,1,1197.664,967.677
0.8,0.5,0.5,0.6,2,1190.19,946.54
0.8,0.5,0.5,0.6,3,1186.893,959.476
0.8,0.5,0.5,0.6,4,1223.589,1004.045
0.8,0.5,0.5,0.6,5,1219.382,992.04
0.8,0.5,0.5,0.6,6,1222.019,1004.649
0.8,0.5,0.5,0.6,7,1222.148,980.755
0.8,0.5,0.5,0.6,8,1211.309,994.468
0.8,0.5,0.5,0.6,9,1198.008,968.27
0.8,0.5,0.5,0.7,0,1230.221,1021.963
0.8,0.5,0.5,0.7,1,1201.839,983.692
0.8,0.5,0.5,0.7,2,1192.758,959.903
0.8,0.5,0.5,0.7,3,1185.015,964.034
0.8,0.5,0.5,0.7,4,1230.437,1026.622
0.8,0.5,0.5,0.7,5,1224.084,1008.722
0.8,0.5,0.5,0.7,6,1228.565,1024.541
0.8,0.5,0.5,0.7,7,1230.28,1000.295
0.8,0.5,0.5,0.7,8,1215.439,1009.25
0.8,0.5,0.5,0.7,9,1199.977,983.016
0.8,0.5,0.5,0.8,0,1232.362,1038.593
0.8,0.5,0.5,0.8,1,1203.921,992.917
0.8,0.5,0.5,0.8,2,1193.473,973.489
0.8,0.5,0.5,0.8,3,1188.94,980.906
0.8,0.5,0.5,0.8,4,1230.925,1039.344
0.8,0.5,0.5,0.8,5,1222.099,1019.663
0.8,0.5,0.5,0.8,6,1232.845,1039.366
0.8,0.5,0.5,0.8,7,1229.7,1012.46
0.8,0.5,0.5,0.8,8,1224.23,1031.925
0.8,0.5,0.5,0.8,9,1203.998,996.536
0.8,0.5,0.5,0.9,0,1231.729,1048.017
0.8,0.5,0.5,0.9,1,1203.97,1007.768
0.8,0.5,0.5,0.9,2,1194.056,984.876
0.8,0.5,0.5,0.9,3,1191.288,996.529
0.8,0.5,0.5,0.9,4,1233.439,1049.013
0.8,0.5,0.5,0.9,5,1225.251,1032.872
0.8,0.5,0.5,0.9,6,1235.036,1050.496
0.8,0.5,0.5,0.9,7,1227.847,1021.309
0.8,0.5,0.5,0.9,8,1220.861,1041.515
0.8,0.5,0.5,0.9,9,1201.342,1010.927
0.8,0.5,0.8,0.1,0,1072.243,747.67
0.8,0.5,0.8,0.1,1,1071.633,747.744
0.8,0.5,0.8,0.1,2,1055.064,706.703
0.8,0.5,0.8,0.1,3,1055.033,724.042
0.8,0.5,0.8,0.1,4,1069.266,743.732
0.8,0.5,0.8,0.1,5,1084.333,754.501
0.8,0.5,0.8,0.1,6,1073.251,746.857
0.8,0.5,0.8,0.1,7,1101.44,768.728
0.8,0.5,0.8,0.1,8,1096.719,789.638
0.8,0.5,0.8,0.1,9,1068.513,741.11
0.8,0.5,0.8,0.2,0,1133.221,834.764
0.8,0.5,0.8,0.2,1,1117.849,813.29
0.8,0.5,0.8,0.2,2,1109.885,787.618
0.8,0.5,0.8,0.2,3,1097.382,788.349
0.8,0.5,0.8,0.2,4,1130.509,831.108
0.8,0.5,0.8,0.2,5,1125.154,814.255
0.8,0.5,0.8,0.2,6,1131.978,830.44
0.8,0.5,0.8,0.2,7,1146.178,831.192
0.8,0.5,0.8,0.2,8,1130.978,841.296
0.8,0.5,0.8,0.2,9,1115.102,808.696
0.8,0.5,0.8,0.3,0,1168.875,889.464
0.8,0.5,0.8,0.3,1,1147.422,860.68
0.8,0.5,0.8,0.3,2,1139.877,836.313
0.8,0.5,0.8,0.3,3,1129.883,840.262
0.8,0.5,0.8,0.3,4,1163.83,882.3
0.8,0.5,0.8,0.3,5,1164.63,874.589
0.8,0.5,0.8,0.3,6,1163.996,880.831
0.8,0.5,0.8,0.3,7,1173.868,879.315
0.8,0.5,0.8,0.3,8,1159.324,884.148
0.8,0.5,0.8,0.3,9,1138.218,847.148
0.8,0.5,0.8,0.4,0,1187.174,925.55
0.8,0.5,0.8,0.4,1,1168.154,898.52
0.8,0.5,0.8,0.4,2,1163.311,876.278
0.8,0.5,0.8,0.4,3,1157.611,888.403
0.8,0.5,0.8,0.4,4,1187.217,923.069
0.8,0.5,0.8,0.4,5,1189.307,919.29
0.8,0.5,0.8,0.4,6,1184.522,917.648
0.8,0.5,0.8,0.4,7,1192.377,912.619
0.8,0.5,0.8,0.4,8,1181.79,922.933
0.8,0.5,0.8,0.4,9,1160.466,889.045
0.8,0.5,0.8,0.5,0,1208.669,964.191
0.8,0.5,0.8,0.5,1,1183.252,929.919
0.8,0.5,0.8,0.5,2,1177.072,909.279
0.8,0.5,0.8,0.5,3,1171.793,916.727
0.8,0.5,0.8,0.5,4,1211.677,969.15
0.8,0.5,0.8,0.5,5,1202.752,949.026
0.8,0.5,0.8,0.5,6,1202.043,955.819
0.8,0.5,0.8,0.5,7,1215.995,950.782
0.8,0.5,0.8,0.5,8,1195.607,953.385
0.8,0.5,0.8,0.5,9,1185.332,930.889
0.8,0.5,0.8,0.6,0,1219.409,991.477
0.8,0.5,0.8,0.6,1,1195.326,958.094
0.8,0.5,0.8,0.6,2,1185.993,932.613
0.8,0.5,0.8,0.6,3,1182.727,945.443
0.8,0.5,0.8,0.6,4,1219.803,992.175
0.8,0.5,0.8,0.6,5,1216.367,977.436
0.8,0.5,0.8,0.6,6,1221.946,995.162
0.8,0.5,0.8,0.6,7,1217.807,968.255
0.8,0.5,0.8,0.6,8,1205.866,982.545
0.8,0.5,0.8,0.6,9,1193.841,953.774
0.8,0.5,0.8,0.7,0,1231.382,1020.726
0.8,0.5,0.8,0.7,1,1199.684,974.636
0.8,0.5,0.8,0.7,2,1193.275,954.7
0.8,0.5,0.8,0.7,3,1188.053,965.223
0.8,0.5,0.8,0.7,4,1228.935,1017.696
0.8,0.5,0.8,0.7,5,1221.701,1003.166
0.8,0.5,0.8,0.7,6,1227.822,1019.894
0.8,0.5,0.8,0.7,7,1229.687,995.924
0.8,0.5,0.8,0.7,8,1221.197,1010.292
0.8,0.5,0.8,0.7,9,1200.872,977.608
0.8,0.5,0.8,0.8,0,1235.001,1038.875
0.8,0.5,0.8,0.8,1,1204.781,996.589
0.8,0.5,0.8,0.8,2,1193.219,971.55
0.8,0.5,0.8,0.8,3,1191.756,985.858
0.8,0.5,0.8,0.8,4,1232.581,1037.631
0.8,0.5,0.8,0.8,5,1226.212,1022.578
0.8,0.5,0.8,0.8,6,1229.669,1032.825
0.8,0.5,0.8,0.8,7,1228.943,1010.121
0.8,0.5,0.8,0.8,8,1220.361,1031.741
0.8,0.5,0.8,0.8,9,1203.793,998.21
0.8,0.5,0.8,0.9,0,1230.945,1049.287
0.8,0.5,0.8,0.9,1,1203.442,1008.596
0.8,0.5,0.8,0.9,2,1192.5,986.638
0.8,0.5,0.8,0.9,3,1190.389,1000.518
0.8,0.5,0.8,0.9,4,1230.99,1047.301
0.8,0.5,0.8,0.9,5,1223.109,1035.639
0.8,0.5,0.8,0.9,6,1226.078,1049.673
0.8,0.5,0.8,0.9,7,1227.685,1023.128
0.8,0.5,0.8,0.9,8,1222.399,1044.403
0.8,0.5,0.8,0.9,9,1203.148,1015.813
0.8,0.5,1.0,0.1,0,1046.822,713.479
0.8,0.5,1.0,0.1,1,1045.393,714.885
0.8,0.5,1.0,0.1,2,1043.333,691.681
0.8,0.5,1.0,0.1,3,1037.741,702.199
0.8,0.5,1.0,0.1,4,1043.918,711.42
0.8,0.5,1.0,0.1,5,1068.102,734.305
0.8,0.5,1.0,0.1,6,1055.853,725.145
0.8,0.5,1.0,0.1,7,1073.487,731.325
0.8,0.5,1.0,0.1,8,1068.24,755.927
0.8,0.5,1.0,0.1,9,1052.351,721.864
0.8,0.5,1.0,0.2,0,1116.256,809.438
0.8,0.5,1.0,0.2,1,1109.592,801.159
0.8,0.5,1.0,0.2,2,1100.042,769.474
0.8,0.5,1.0,0.2,3,1082.635,763.809
0.8,0.5,1.0,0.2,4,1114.472,805.989
0.8,0.5,1.0,0.2,5,1115.06,798.238
0.8,0.5,1.0,0.2,6,1114.404,806.01
0.8,0.5,1.0,0.2,7,1135.682,816.279
0.8,0.5,1.0,0.2,8,1125.67,831.747
0.8,0.5,1.0,0.2,9,1109.253,797.429
0.8,0.5,1.0,0.3,0,1158.59,873.468
0.8,0.5,1.0,0.3,1,1135.873,842.068
0.8,0.5,1.0,0.3,2,1132.193,821.135
0.8,0.5,1.0,0.3,3,1122.405,825.503
0.8,0.5,1.0,0.3,4,1154.792,867.673
0.8,0.5,1.0,0.3,5,1152.123,855.054
0.8,0.5,1.0,0.3,6,1149.633,858.361
0.8,0.5,1.0,0.3,7,1162.535,857.566
0.8,0.5,1.0,0.3,8,1147.226,864.854
0.8,0.5,1.0,0.3,9,1131.61,833.518
0.8,0.5,1.0,0.4,0,1181.782,912.392
0.8,0.5,1.0,0.4,1,1160.535,885.243
0.8,0.5,1.0,0.4,2,1152.155,858.164
0.8,0.5,1.0,0.4,3,1144.781,864.793
0.8,0.5,1.0,0.4,4,1181.446,912.715
0.8,0.5,1.0,0.4,5,1179.459,903.613
0.8,0.5,1.0,0.4,6,1175.783,902.997
0.8,0.5,1.0,0.4,7,1187.621,902.201
0.8,0.5,1.0,0.4,8,1173.653,911.043
0.8,0.5,1.0,0.4,9,1155.801,874.786
0.8,0.5,1.0,0.5,0,1202.725,951.746
0.8,0.5,1.0,0.5,1,1177.772,917.007
0.8,0.5,1.0,0.5,2,1174.928,901.047
0.8,0.5,1.0,0.5,3,1167.193,909.313
0.8,0.5,1.0,0.5,4,1205.612,957.552
0.8,0.5,1.0,0.5,5,1195.922,938.508
0.8,0.5,1.0,0.5,6,1197.417,946.297
0.8,0.5,1.0,0.5,7,1205.103,935.309
0.8,0.5,1.0,0.5,8,1192.677,947.376
0.8,0.5,1.0,0.5,9,1176.154,917.98
0.8,0.5,1.0,0.6,0,1217.648,988.242
0.8,0.5,1.0,0.6,1,1191.194,948.219
0.8,0.5,1.0,0.6,2,1185.875,930.328
0.8,0.5,1.0,0.6,3,1181.076,937.014
0.8,0.5,1.0,0.6,4,1219.265,987.149
0.8,0.5,1.0,0.6,5,1209.654,968.178
0.8,0.5,1.0,0.6,6,1216.927,986.324
0.8,0.5,1.0,0.6,7,1215.983,963.664
0.8,0.5,1.0,0.6,8,1205.859,972.83
0.8,0.5,1.0,0.6,9,1191.275,950.18
0.8,0.5,1.0,0.7,0,1227.503,1015.372
0.8,0.5,1.0,0.7,1,1201.276,974.77
0.8,0.5,1.0,0.7,2,1195.368,956.445
0.8,0.5,1.0,0.7,3,1187.558,959.819
0.8,0.5,1.0,0.7,4,1227.862,1010.946
0.8,0.5,1.0,0.7,5,1217.731,992.638
0.8,0.5,1.0,0.7,6,1225.652,1013.042
0.8,0.5,1.0,0.7,7,1225.862,991.092
0.8,0.5,1.0,0.7,8,1215.976,1003.921
0.8,0.5,1.0,0.7,9,1200.341,977.192
0.8,0.5,1.0,0.8,0,1235.074,1040.202
0.8,0.5,1.0,0.8,1,1203.423,988.878
0.8,0.5,1.0,0.8,2,1193.205,972.842
0.8,0.5,1.0,0.8,3,1189.692,981.101
0.8,0.5,1.0,0.8,4,1233.175,1036.3
0.8,0.5,1.0,0.8,5,1221.067,1012.234
0.8,0.5,1.0,0.8,6,1229.023,1033.752
0.8,0.5,1.0,0.8,7,1229.246,1011.841
0.8,0.5,1.0,0.8,8,1220.227,1026.497
0.8,0.5,1.0,0.8,9,1203.79,997.526
0.8,0.5,1.0,0.9,0,1232.078,1048.385
0.8,0.5,1.0,0.9,1,1203.808,1007.959
0.8,0.5,1.0,0.9,2,1192.693,988.567
0.8,0.5,1.0,0.9,3,1189.508,1001.785
0.8,0.5,1.0,0.9,4,1233.0,1051.523
0.8,0.5,1.0,0.9,5,1220.487,1033.323
0.8,0.5,1.0,0.9,6,1229.103,1052.777
0.8,0.5,1.0,0.9,7,1229.71,1026.561
0.8,0.5,1.0,0.9,8,1219.826,1044.597
0.8,0.5,1.0,0.9,9,1203.63,1012.745
0.8,0.8,0.0,0.1,0,1308.369,1233.68
0.8,0.8,0.0,0.1,1,1265.387,1180.209
0.8,0.8,0.0,0.1,2,1242.399,1147.579
0.8,0.8,0.0,0.1,3,1256.158,1176.435
0.8,0.8,0.0,0.1,4,1307.641,1230.155
0.8,0.8,0.0,0.1,5,1296.249,1220.365
0.8,0.8,0.0,0.1,6,1308.086,1227.736
0.8,0.8,0.0,0.1,7,1287.528,1194.479
0.8,0.8,0.0,0.1,8,1306.559,1236.123
0.8,0.8,0.0,0.1,9,1263.765,1186.937
0.8,0.8,0.0,0.2,0,1307.985,1232.827
0.8,0.8,0.0,0.2,1,1265.603,1185.395
0.8,0.8,0.0,0.2,2,1242.391,1147.413
0.8,0.8,0.0,0.2,3,1252.55,1171.563
0.8,0.8,0.0,0.2,4,1307.707,1232.672
0.8,0.8,0.0,0.2,5,1294.95,1219.248
0.8,0.8,0.0,0.2,6,1307.804,1227.802
0.8,0.8,0.0,0.2,7,1283.963,1191.274
0.8,0.8,0.0,0.2,8,1307.855,1242.291
0.8,0.8,0.0,0.2,9,1261.512,1185.272
0.8,0.8,0.0,0.3,0,1306.936,1229.483
0.8,0.8,0.0,0.3,1,1264.368,1182.643
0.8,0.8,0.0,0.3,2,1242.891,1145.282
0.8,0.8,0.0,0.3,3,1255.091,1170.203
0.8,0.8,0.0,0.3,4,1306.359,1231.537
0.8,0.8,0.0,0.3,5,1293.101,1222.025
0.8,0.8,0.0,0.3,6,1306.888,1227.183
0.8,0.8,0.0,0.3,7,1286.922,1189.379
0.8,0.8,0.0,0.3,8,1309.23,1240.769
0.8,0.8,0.0,0.3,9,1262.048,1184.604
0.8,0.8,0.0,0.4,0,1309.156,1233.987
0.8,0.8,0.0,0.4,1,1261.999,1179.66
0.8,0.8,0.0,0.4,2,1245.115,1150.393
0.8,0.8,0.0,0.4,3,1252.382,1167.578
0.8,0.8,0.0,0.4,4,1308.729,1233.946
0.8,0.8,0.0,0.4,5,1297.553,1222.211
0.8,0.8,0.0,0.4,6,1305.644,1225.263
0.8,0.8,0.0,0.4,7,1287.306,1197.095
0.8,0.8,0.0,0.4,8,1308.623,1242.757
0.8,0.8,0.0,0.4,9,1265.065,1190.187
0.8,0.8,0.0,0.5,0,1307.654,1232.959
0.8,0.8,0.0,0.5,1,1265.745,1182.626
0.8,0.8,0.0,0.5,2,1244.077,1146.675
0.8,0.8,0.0,0.5,3,1251.818,1171.353
0.8,0.8,0.0,0.5,4,1306.426,1229.249
0.8,0.8,0.0,0.5,5,1295.374,1220.451
0.8,0.8,0.0,0.5,6,1308.925,1230.558
0.8,0.8,0.0,0.5,7,1288.874,1195.64
0.8,0.8,0.0,0.5,8,1310.758,1242.483
0.8,0.8,0.0,0.5,9,1262.961,1184.202
0.8,0.8,0.0,0.6,0,1309.027,1232.066
0.8,0.8,0.0,0.6,1,1264.394,1181.367
0.8,0.8,0.0,0.6,2,1244.013,1146.144
0.8,0.8,0.0,0.6,3,1250.422,1168.542
0.8,0.8,0.0,0.6,4,1303.812,1226.967
0.8,0.8,0.0,0.6,5,1295.521,1220.289
0.8,0.8,0.0,0.6,6,1308.893,1228.379
0.8,0.8,0.0,0.6,7,1286.351,1190.646
0.8,0.8,0.0,0.6,8,1311.635,1240.749
0.8,0.8,0.0,0.6,9,1261.642,1184.803
0.8,0.8,0.0,0.7,0,1307.372,1232.153
0.8,0.8,0.0,0.7,1,1266.443,1183.673
0.8,0.8,0.0,0.7,2,1243.357,1148.006
0.8,0.8,0.0,0.7,3,1256.254,1173.456
0.8,0.8,0.0,0.7,4,1307.346,1229.421
0.8,0.8,0.0,0.7,5,1296.032,1220.696
0.8,0.8,0.0,0.7,6,1307.303,1226.738
0.8,0.8,0.0,0.7,7,1286.973,1191.212
0.8,0.8,0.0,0.7,8,1304.851,1237.023
0.8,0.8,0.0,0.7,9,1262.987,1185.619
0.8,0.8,0.0,0.8,0,1308.995,1231.025
0.8,0.8,0.0,0.8,1,1262.942,1178.562
0.8,0.8,0.0,0.8,2,1242.955,1147.772
0.8,0.8,0.0,0.8,3,1249.917,1165.082
0.8,0.8,0.0,0.8,4,1307.776,1230.845
0.8,0.8,0.0,0.8,5,1295.285,1224.015
0.8,0.8,0.0,0.8,6,1305.757,1225.586
0.8,0.8,0.0,0.8,7,1289.165,1196.463
0.8,0.8,0.0,0.8,8,1308.905,1237.827
0.8,0.8,0.0,0.8,9,1263.864,1185.974
0.8,0.8,0.0,0.9,0,1306.699,1226.698
0.8,0.8,0.0,0.9,1,1262.62,1181.267
0.8,0.8,0.0,0.9,2,1245.144,1149.704
0.8,0.8,0.0,0.9,3,1252.294,1169.904
0.8,0.8,0.0,0.9,4,1306.385,1228.536
0.8,0.8,0.0,0.9,5,1295.31,1220.075
0.8,0.8,0.0,0.9,6,1307.582,1229.419
0.8,0.8,0.0,0.9,7,1285.694,1195.783
0.8,0.8,0.0,0.9,8,1308.596,1241.449
0.8,0.8,0.0,0.9,9,1261.854,1183.68
0.8,0.8,0.2,0.1,0,1233.439,1044.16
0.8,0.8,0.2,0.1,1,1194.995,1004.062
0.8,0.8,0.2,0.1,2,1171.883,952.941
0.8,0.8,0.2,0.1,3,1189.032,995.858
0.8,0.8,0.2,0.1,4,1241.116,1053.859
0.8,0.8,0.2,0.1,5,1222.259,1018.167
0.8,0.8,0.2,0.1,6,1235.361,1047.58
0.8,0.8,0.2,0.1,7,1220.496,1012.964
0.8,0.8,0.2,0.1,8,1236.043,1054.309
0.8,0.8,0.2,0.1,9,1188.944,988.598
0.8,0.8,0.2,0.2,0,1266.258,1106.1
0.8,0.8,0.2,0.2,1,1222.288,1059.369
0.8,0.8,0.2,0.2,2,1197.945,1002.897
0.8,0.8,0.2,0.2,3,1213.522,1042.862
0.8,0.8,0.2,0.2,4,1263.294,1099.63
0.8,0.8,0.2,0.2,5,1244.476,1066.925
0.8,0.8,0.2,0.2,6,1256.718,1091.543
0.8,0.8,0.2,0.2,7,1246.219,1062.236
0.8,0.8,0.2,0.2,8,1259.785,1097.111
0.8,0.8,0.2,0.2,9,1218.882,1048.136
0.8,0.8,0.2,0.3,0,1278.002,1130.52
0.8,0.8,0.2,0.3,1,1235.077,1087.024
0.8,0.8,0.2,0.3,2,1211.681,1034.438
0.8,0.8,0.2,0.3,3,1226.404,1073.764
0.8,0.8,0.2,0.3,4,1277.72,1131.282
0.8,0.8,0.2,0.3,5,1258.54,1095.177
0.8,0.8,0.2,0.3,6,1275.206,1129.655
0.8,0.8,0.2,0.3,7,1258.502,1090.805
0.8,0.8,0.2,0.3,8,1275.904,1131.303
0.8,0.8,0.2,0.3,9,1231.969,1076.728
0.8,0.8,0.2,0.4,0,1284.086,1146.354
0.8,0.8,0.2,0.4,1,1247.748,1113.133
0.8,0.8,0.2,0.4,2,1221.407,1064.457
0.8,0.8,0.2,0.4,3,1233.961,1090.89
0.8,0.8,0.2,0.4,4,1289.305,1153.275
0.8,0.8,0.2,0.4,5,1272.071,1124.921
0.8,0.8,0.2,0.4,6,1284.284,1150.654
0.8,0.8,0.2,0.4,7,1268.686,1115.794
0.8,0.8,0.2,0.4,8,1283.795,1151.093
0.8,0.8,0.2,0.4,9,1242.043,1098.836
0.8,0.8,0.2,0.5,0,1292.106,1165.618
0.8,0.8,0.2,0.5,1,1250.508,1124.003
0.8,0.8,0.2,0.5,2,1229.966,1090.148
0.8,0.8,0.2,0.5,3,1243.31,1113.533
0.8,0.8,0.2,0.5,4,1293.077,1167.803
0.8,0.8,0.2,0.5,5,1275.552,1140.251
0.8,0.8,0.2,0.5,6,1290.845,1169.558
0.8,0.8,0.2,0.5,7,1279.851,1141.923
0.8,0.8,0.2,0.5,8,1290.72,1171.68
0.8,0.8,0.2,0.5,9,1247.426,1114.256
0.8,0.8,0.2,0.6,0,1298.163,1180.339
0.8,0.8,0.2,0.6,1,1255.653,1139.321
0.8,0.8,0.2,0.6,2,1238.255,1108.127
0.8,0.8,0.2,0.6,3,1244.537,1122.718
0.8,0.8,0.2,0.6,4,1294.437,1174.866
0.8,0.8,0.2,0.6,5,1285.352,1164.393
0.8,0.8,0.2,0.6,6,1296.038,1185.138
0.8,0.8,0.2,0.6,7,1281.912,1151.898
0.8,0.8,0.2,0.6,8,1295.656,1187.701
0.8,0.8,0.2,0.6,9,1253.339,1131.473
0.8,0.8,0.2,0.7,0,1300.855,1195.153
0.8,0.8,0.2,0.7,1,1261.333,1153.376
0.8,0.8,0.2,0.7,2,1240.351,1120.921
0.8,0.8,0.2,0.7,3,1251.583,1138.596
0.8,0.8,0.2,0.7,4,1298.752,1190.404
0.8,0.8,0.2,0.7,5,1289.947,1179.065
0.8,0.8,0.2,0.7,6,1303.663,1207.303
0.8,0.8,0.2,0.7,7,1285.198,1163.201
0.8,0.8,0.2,0.7,8,1299.218,1196.45
0.8,0.8,0.2,0.7,9,1257.343,1150.172
0.8,0.8,0.2,0.8,0,1306.219,1211.488
0.8,0.8,0.2,0.8,1,1264.187,1164.549
0.8,0.8,0.2,0.8,2,1244.136,1131.202
0.8,0.8,0.2,0.8,3,1250.874,1143.992
0.8,0.8,0.2,0.8,4,1308.273,1213.849
0.8,0.8,0.2,0.8,5,1290.898,1189.37
0.8,0.8,0.2,0.8,6,1305.485,1219.41
0.8,0.8,0.2,0.8,7,1283.525,1169.941
0.8,0.8,0.2,0.8,8,1304.633,1216.159
0.8,0.8,0.2,0.8,9,1260.523,1164.36
0.8,0.8,0.2,0.9,0,1305.602,1223.38
0.8,0.8,0.2,0.9,1,1264.343,1173.688
0.8,0.8,0.2,0.9,2,1241.683,1140.277
0.8,0.8,0.2,0.9,3,1253.641,1163.371
0.8,0.8,0.2,0.9,4,1306.76,1224.507
0.8,0.8,0.2,0.9,5,1294.182,1210.036
0.8,0.8,0.2,0.9,6,1306.453,1223.322
0.8,0.8,0.2,0.9,7,1287.218,1187.11
0.8,0.8,0.2,0.9,8,1305.915,1231.535
0.8,0.8,0.2,0.9,9,1262.433,1176.941
0.8,0.8,0.5,0.1,0,1105.284,838.086
0.8,0.8,0.5,0.1,1,1065.025,794.063
0.8,0.8,0.5,0.1,2,1061.611,765.873
0.8,0.8,0.5,0.1,3,1066.729,796.089
0.8,0.8,0.5,0.1,4,1103.526,835.934
0.8,0.8,0.5,0.1,5,1096.49,816.697
0.8,0.8,0.5,0.1,6,1097.842,827.325
0.8,0.8,0.5,0.1,7,1105.568,824.172
0.8,0.8,0.5,0.1,8,1106.987,849.793
0.8,0.8,0.5,0.1,9,1061.743,781.529
0.8,0.8,0.5,0.2,0,1172.419,939.306
0.8,0.8,0.5,0.2,1,1129.763,893.097
0.8,0.8,0.5,0.2,2,1120.179,859.423
0.8,0.8,0.5,0.2,3,1127.962,889.94
0.8,0.8,0.5,0.2,4,1177.89,947.478
0.8,0.8,0.5,0.2,5,1165.913,923.756
0.8,0.8,0.5,0.2,6,1172.311,941.094
0.8,0.8,0.5,0.2,7,1165.38,918.607
0.8,0.8,0.5,0.2,8,1168.325,942.028
0.8,0.8,0.5,0.2,9,1131.643,888.844
0.8,0.8,0.5,0.3,0,1214.787,1009.608
0.8,0.8,0.5,0.3,1,1170.403,960.523
0.8,0.8,0.5,0.3,2,1156.08,921.334
0.8,0.8,0.5,0.3,3,1164.748,952.567
0.8,0.8,0.5,0.3,4,1215.211,1007.732
0.8,0.8,0.5,0.3,5,1201.159,981.335
0.8,0.8,0.5,0.3,6,1213.312,1009.383
0.8,0.8,0.5,0.3,7,1199.587,977.507
0.8,0.8,0.5,0.3,8,1210.582,1008.816
0.8,0.8,0.5,0.3,9,1166.046,946.427
0.8,0.8,0.5,0.4,0,1243.709,1057.976
0.8,0.8,0.5,0.4,1,1204.811,1020.787
0.8,0.8,0.5,0.4,2,1180.86,970.487
0.8,0.8,0.5,0.4,3,1187.882,994.087
0.8,0.8,0.5,0.4,4,1237.695,1051.311
0.8,0.8,0.5,0.4,5,1224.694,1026.629
0.8,0.8,0.5,0.4,6,1236.375,1052.409
0.8,0.8,0.5,0.4,7,1233.94,1033.509
0.8,0.8,0.5,0.4,8,1239.939,1060.571
0.8,0.8,0.5,0.4,9,1196.226,1000.826
0.8,0.8,0.5,0.5,0,1267.666,1104.519
0.8,0.8,0.5,0.5,1,1222.726,1058.189
0.8,0.8,0.5,0.5,2,1199.611,1008.292
0.8,0.8,0.5,0.5,3,1215.549,1046.013
0.8,0.8,0.5,0.5,4,1264.509,1099.885
0.8,0.8,0.5,0.5,5,1247.213,1069.804
0.8,0.8,0.5,0.5,6,1254.616,1088.56
0.8,0.8,0.5,0.5,7,1247.529,1067.619
0.8,0.8,0.5,0.5,8,1257.701,1094.04
0.8,0.8,0.5,0.5,9,1216.561,1041.986
0.8,0.8,0.5,0.6,0,1278.549,1132.709
0.8,0.8,0.5,0.6,1,1238.989,1092.137
0.8,0.8,0.5,0.6,2,1215.659,1044.666
0.8,0.8,0.5,0.6,3,1226.899,1073.99
0.8,0.8,0.5,0.6,4,1278.119,1131.059
0.8,0.8,0.5,0.6,5,1262.977,1106.326
0.8,0.8,0.5,0.6,6,1276.272,1130.186
0.8,0.8,0.5,0.6,7,1261.836,1101.355
0.8,0.8,0.5,0.6,8,1278.527,1135.146
0.8,0.8,0.5,0.6,9,1234.659,1083.185
0.8,0.8,0.5,0.7,0,1293.708,1166.016
0.8,0.8,0.5,0.7,1,1249.9,1121.203
0.8,0.8,0.5,0.7,2,1231.532,1085.355
0.8,0.8,0.5,0.7,3,1238.991,1103.997
0.8,0.8,0.5,0.7,4,1290.86,1163.564
0.8,0.8,0.5,0.7,5,1280.42,1145.307
0.8,0.8,0.5,0.7,6,1288.434,1161.353
0.8,0.8,0.5,0.7,7,1275.077,1130.291
0.8,0.8,0.5,0.7,8,1287.885,1163.717
0.8,0.8,0.5,0.7,9,1244.61,1110.7
0.8,0.8,0.5,0.8,0,1298.186,1186.189
0.8,0.8,0.5,0.8,1,1259.662,1150.459
0.8,0.8,0.5,0.8,2,1239.649,1116.276
0.8,0.8,0.5,0.8,3,1248.429,1131.298
0.8,0.8,0.5,0.8,4,1301.356,1188.665
0.8,0.8,0.5,0.8,5,1285.318,1167.354
0.8,0.8,0.5,0.8,6,1298.247,1193.037
0.8,0.8,0.5,0.8,7,1284.665,1162.793
0.8,0.8,0.5,0.8,8,1298.912,1193.946
0.8,0.8,0.5,0.8,9,1253.851,1140.127
0.8,0.8,0.5,0.9,0,1306.228,1219.079
0.8,0.8,0.5,0.9,1,1264.074,1170.837
0.8,0.8,0.5,0.9,2,1242.186,1142.653
0.8,0.8,0.5,0.9,3,1251.579,1154.75
0.8,0.8,0.5,0.9,4,1307.256,1219.753
0.8,0.8,0.5,0.9,5,1293.859,1202.867
0.8,0.8,0.5,0.9,6,1310.962,1227.163
0.8,0.8,0.5,0.9,7,1287.567,1185.553
0.8,0.8,0.5,0.9,8,1304.983,1218.419
0.8,0.8,0.5,0.9,9,1262.193,1168.486
0.8,0.8,0.8,0.1,0,1020.561,720.999
0.8,0.8,0.8,0.1,1,991.81,692.16
0.8,0.8,0.8,0.1,2,998.456,678.024
0.8,0.8,0.8,0.1,3,986.856,682.629
0.8,0.8,0.8,0.1,4,1022.392,722.679
0.8,0.8,0.8,0.1,5,1028.828,721.496
0.8,0.8,0.8,0.1,6,1028.432,732.786
0.8,0.8,0.8,0.1,7,1027.152,716.136
0.8,0.8,0.8,0.1,8,1030.141,743.472
0.8,0.8,0.8,0.1,9,1000.425,695.932
0.8,0.8,0.8,0.2,0,1115.517,852.719
0.8,0.8,0.8,0.2,1,1081.182,816.64
0.8,0.8,0.8,0.2,2,1072.344,783.784
0.8,0.8,0.8,0.2,3,1072.632,804.327
0.8,0.8,0.8,0.2,4,1115.751,852.83
0.8,0.8,0.8,0.2,5,1101.968,825.052
0.8,0.8,0.8,0.2,6,1107.189,841.56
0.8,0.8,0.8,0.2,7,1117.426,841.035
0.8,0.8,0.8,0.2,8,1115.821,860.503
0.8,0.8,0.8,0.2,9,1071.827,796.976
0.8,0.8,0.8,0.3,0,1170.793,935.705
0.8,0.8,0.8,0.3,1,1130.173,894.703
0.8,0.8,0.8,0.3,2,1116.608,854.942
0.8,0.8,0.8,0.3,3,1123.452,883.186
0.8,0.8,0.8,0.3,4,1170.03,935.887
0.8,0.8,0.8,0.3,5,1163.249,919.552
0.8,0.8,0.8,0.3,6,1160.435,923.28
0.8,0.8,0.8,0.3,7,1160.568,910.713
0.8,0.8,0.8,0.3,8,1169.741,940.285
0.8,0.8,0.8,0.3,9,1130.031,884.178
0.8,0.8,0.8,0.4,0,1209.327,996.965
0.8,0.8,0.8,0.4,1,1166.213,951.213
0.8,0.8,0.8,0.4,2,1156.426,921.784
0.8,0.8,0.8,0.4,3,1163.921,949.404
0.8,0.8,0.8,0.4,4,1208.064,996.141
0.8,0.8,0.8,0.4,5,1196.458,974.903
0.8,0.8,0.8,0.4,6,1203.846,994.069
0.8,0.8,0.8,0.4,7,1198.774,975.254
0.8,0.8,0.8,0.4,8,1204.628,1000.818
0.8,0.8,0.8,0.4,9,1167.672,948.712
0.8,0.8,0.8,0.5,0,1239.028,1051.422
0.8,0.8,0.8,0.5,1,1202.856,1016.697
0.8,0.8,0.8,0.5,2,1178.508,966.44
0.8,0.8,0.8,0.5,3,1189.581,999.788
0.8,0.8,0.8,0.5,4,1240.325,1054.302
0.8,0.8,0.8,0.5,5,1223.497,1026.04
0.8,0.8,0.8,0.5,6,1235.127,1047.427
0.8,0.8,0.8,0.5,7,1224.729,1020.772
0.8,0.8,0.8,0.5,8,1231.078,1047.957
0.8,0.8,0.8,0.5,9,1196.522,1000.761
0.8,0.8,0.8,0.6,0,1263.821,1098.376
0.8,0.8,0.8,0.6,1,1224.664,1061.077
0.8,0.8,0.8,0.6,2,1200.263,1011.74
0.8,0.8,0.8,0.6,3,1214.405,1046.025
0.8,0.8,0.8,0.6,4,1262.492,1100.653
0.8,0.8,0.8,0.6,5,1246.542,1070.079
0.8,0.8,0.8,0.6,6,1254.579,1086.607
0.8,0.8,0.8,0.6,7,1250.195,1072.341
0.8,0.8,0.8,0.6,8,1251.194,1088.127
0.8,0.8,0.8,0.6,9,1219.504,1048.323
0.8,0.8,0.8,0.7,0,1280.935,1139.418
0.8,0.8,0.8,0.7,1,1240.039,1100.182
0.8,0.8,0.8,0.7,2,1220.683,1058.788
0.8,0.8,0.8,0.7,3,1233.743,1086.983
0.8,0.8,0.8,0.7,4,1281.555,1140.785
0.8,0.8,0.8,0.7,5,1267.21,1113.48
0.8,0.8,0.8,0.7,6,1281.533,1141.116
0.8,0.8,0.8,0.7,7,1266.284,1107.629
0.8,0.8,0.8,0.7,8,1279.668,1138.353
0.8,0.8,0.8,0.7,9,1237.449,1091.152
0.8,0.8,0.8,0.8,0,1291.904,1170.921
0.8,0.8,0.8,0.8,1,1256.061,1136.518
0.8,0.8,0.8,0.8,2,1236.655,1106.804
0.8,0.8,0.8,0.8,3,1246.591,1123.112
0.8,0.8,0.8,0.8,4,1293.808,1171.988
0.8,0.8,0.8,0.8,5,1280.797,1156.614
0.8,0.8,0.8,0.8,6,1295.086,1180.204
0.8,0.8,0.8,0.8,7,1277.013,1145.867
0.8,0.8,0.8,0.8,8,1295.038,1181.119
0.8,0.8,0.8,0.8,9,1250.156,1126.464
0.8,0.8,0.8,0.9,0,1304.916,1214.766
0.8,0.8,0.8,0.9,1,1263.326,1168.364
0.8,0.8,0.8,0.9,2,1243.812,1139.332
0.8,0.8,0.8,0.9,3,1254.242,1153.696
0.8,0.8,0.8,0.9,4,1308.203,1215.116
0.8,0.8,0.8,0.9,5,1293.309,1202.108
0.8,0.8,0.8,0.9,6,1309.378,1226.165
0.8,0.8,0.8,0.9,7,1287.99,1184.191
0.8,0.8,0.8,0.9,8,1304.559,1216.335
0.8,0.8,0.8,0.9,9,1261.818,1168.306
0.8,0.8,1.0,0.1,0,983.175,672.096
0.8,0.8,1.0,0.1,1,966.472,658.2
0.8,0.8,1.0,0.1,2,981.726,654.621
0.8,0.8,1.0,0.1,3,950.169,635.137
0.8,0.8,1.0,0.1,4,983.952,672.504
0.8,0.8,1.0,0.1,5,988.349,668.772
0.8,0.8,1.0,0.1,6,988.672,680.162
0.8,0.8,1.0,0.1,7,996.018,675.233
0.8,0.8,1.0,0.1,8,990.32,692.464
0.8,0.8,1.0,0.1,9,967.408,652.786
0.8,0.8,1.0,0.2,0,1087.614,812.658
0.8,0.8,1.0,0.2,1,1050.518,774.119
0.8,0.8,1.0,0.2,2,1049.99,749.529
0.8,0.8,1.0,0.2,3,1041.145,760.101
0.8,0.8,1.0,0.2,4,1086.109,810.792
0.8,0.8,1.0,0.2,5,1075.538,787.858
0.8,0.8,1.0,0.2,6,1076.94,802.052
0.8,0.8,1.0,0.2,7,1090.589,802.244
0.8,0.8,1.0,0.2,8,1093.111,828.351
0.8,0.8,1.0,0.2,9,1051.295,765.348
0.8,0.8,1.0,0.3,0,1149.099,901.811
0.8,0.8,1.0,0.3,1,1109.438,859.589
0.8,0.8,1.0,0.3,2,1103.343,830.504
0.8,0.8,1.0,0.3,3,1105.859,853.553
0.8,0.8,1.0,0.3,4,1143.885,895.529
0.8,0.8,1.0,0.3,5,1136.597,877.919
0.8,0.8,1.0,0.3,6,1142.112,893.935
0.8,0.8,1.0,0.3,7,1146.279,885.508
0.8,0.8,1.0,0.3,8,1142.65,901.996
0.8,0.8,1.0,0.3,9,1112.042,857.097
0.8,0.8,1.0,0.4,0,1187.999,964.491
0.8,0.8,1.0,0.4,1,1149.463,923.888
0.8,0.8,1.0,0.4,2,1140.206,892.379
0.8,0.8,1.0,0.4,3,1147.963,921.56
0.8,0.8,1.0,0.4,4,1194.476,974.55
0.8,0.8,1.0,0.4,5,1180.847,948.714
0.8,0.8,1.0,0.4,6,1184.902,961.22
0.8,0.8,1.0,0.4,7,1184.246,946.327
0.8,0.8,1.0,0.4,8,1194.273,981.907
0.8,0.8,1.0,0.4,9,1148.384,917.209
0.8,0.8,1.0,0.5,0,1225.614,1028.457
0.8,0.8,1.0,0.5,1,1190.362,994.096
0.8,0.8,1.0,0.5,2,1171.217,949.515
0.8,0.8,1.0,0.5,3,1181.964,982.225
0.8,0.8,1.0,0.5,4,1232.184,1036.211
0.8,0.8,1.0,0.5,5,1218.39,1014.713
0.8,0.8,1.0,0.5,6,1221.849,1025.094
0.8,0.8,1.0,0.5,7,1217.483,1008.482
0.8,0.8,1.0,0.5,8,1225.491,1033.142
0.8,0.8,1.0,0.5,9,1183.338,977.62
0.8,0.8,1.0,0.6,0,1248.659,1074.146
0.8,0.8,1.0,0.6,1,1214.55,1042.203
0.8,0.8,1.0,0.6,2,1196.529,1001.447
0.8,0.8,1.0,0.6,3,1207.391,1030.188
0.8,0.8,1.0,0.6,4,1253.38,1080.305
0.8,0.8,1.0,0.6,5,1241.966,1059.393
0.8,0.8,1.0,0.6,6,1251.045,1078.131
0.8,0.8,1.0,0.6,7,1244.362,1057.485
0.8,0.8,1.0,0.6,8,1250.735,1082.938
0.8,0.8,1.0,0.6,9,1212.787,1035.003
0.8,0.8,1.0,0.7,0,1278.394,1131.202
0.8,0.8,1.0,0.7,1,1239.373,1094.145
0.8,0.8,1.0,0.7,2,1214.055,1045.901
0.8,0.8,1.0,0.7,3,1230.35,1079.915
0.8,0.8,1.0,0.7,4,1277.226,1128.368
0.8,0.8,1.0,0.7,5,1261.99,1101.944
0.8,0.8,1.0,0.7,6,1272.837,1124.326
0.8,0.8,1.0,0.7,7,1261.508,1100.421
0.8,0.8,1.0,0.7,8,1274.542,1128.026
0.8,0.8,1.0,0.7,9,1236.321,1085.903
0.8,0.8,1.0,0.8,0,1294.438,1168.821
0.8,0.8,1.0,0.8,1,1255.166,1135.017
0.8,0.8,1.0,0.8,2,1233.454,1101.161
0.8,0.8,1.0,0.8,3,1244.442,1118.681
0.8,0.8,1.0,0.8,4,1296.923,1174.361
0.8,0.8,1.0,0.8,5,1281.204,1151.523
0.8,0.8,1.0,0.8,6,1292.755,1174.86
0.8,0.8,1.0,0.8,7,1277.778,1142.033
0.8,0.8,1.0,0.8,8,1291.366,1172.207
0.8,0.8,1.0,0.8,9,1252.013,1126.357
0.8,0.8,1.0,0.9,0,1309.552,1219.062
0.8,0.8,1.0,0.9,1,1262.941,1163.318
0.8,0.8,1.0,0.9,2,1247.774,1143.617
0.8,0.8,1.0,0.9,3,1251.963,1153.244
0.8,0.8,1.0,0.9,4,1304.51,1209.872
0.8,0.8,1.0,0.9,5,1292.776,1196.449
0.8,0.8,1.0,0.9,6,1307.723,1223.167
0.8,0.8,1.0,0.9,7,1285.269,1179.112
0.8,0.8,1.0,0.9,8,1303.788,1215.444
0.8,0.8,1.0,0.9,9,1259.729,1165.512
